[
  {
    "name": "Austin",
    "author": "DriftingBunnies, PheonixStarr and Gondolindrim",
    "switchMount": "cherry",
    "pcb": true,
    "plate": true
  },
  [
    "Esc",
    {
      "x": 0.25
    },
    "F1",
    "F2",
    "F3",
    "F4",
    {
      "x": 0.25
    },
    "F5",
    "F6",
    "F7",
    "F8",
    {
      "x": 0.25
    },
    "F9",
    "F10",
    "F11",
    "F12",
    {
      "x": 0.25
    },
    "PrtSc",
    {
      "x": 0.25
    },
    "Scroll Lock",
    {
      "x": 0.25
    },
    "Pause\nBreak",
    "Home",
    "End",
    "Delete"
  ],
  [
    {
      "y": 0.25
    },
    "~\n`",
    "!\n1",
    "@\n2",
    "#\n3",
    "$\n4",
    "%\n5",
    "^\n6",
    "&\n7",
    "*\n8",
    "(\n9",
    ")\n0",
    "_\n-",
    "+\n=",
    {
      "c": "#f71111",
      "w": 2
    },
    "Backspace",
    {
      "x": 0.25,
      "c": "#cccccc"
    },
    "Insert",
    {
      "x": 0.25
    },
    "Num Lock",
    "/",
    "*",
    "-"
  ],
  [
    {
      "w": 1.5
    },
    "Tab",
    "Q",
    "W",
    "E",
    "R",
    "T",
    "Y",
    "U",
    "I",
    "O",
    "P",
    "{\n[",
    "}\n]",
    {
      "c": "#dead2f",
      "w": 1.5
    },
    "|\n\\",
    {
      "x": 0.25,
      "c": "#cccccc"
    },
    "PgUp",
    {
      "x": 0.25
    },
    "7\nHome",
    "8\n↑",
    "9\nPgUp",
    {
      "h": 2
    },
    "+"
  ],
  [
    {
      "c": "#46cf8d",
      "w": 1.75
    },
    "Caps Lock",
    {
      "c": "#cccccc"
    },
    "A",
    "S",
    "D",
    "F",
    "G",
    "H",
    "J",
    "K",
    "L",
    ":\n;",
    "\"\n'",
    {
      "c": "#dead2f",
      "w": 2.25
    },
    "Enter",
    {
      "x": 0.25,
      "c": "#cccccc"
    },
    "PgDn",
    {
      "x": 0.25
    },
    "4\n←",
    "5",
    "6\n→"
  ],
  [
    {
      "c": "#5a901a",
      "w": 2.25
    },
    "Shift",
    {
      "c": "#cccccc"
    },
    "Z",
    "X",
    "C",
    "V",
    "B",
    "N",
    "M",
    "<\n,",
    ">\n.",
    "?\n/",
    {
      "w": 1.75
    },
    "Shift",
    {
      "x": 2.5
    },
    "1\nEnd",
    "2\n↓",
    "3\nPgDn",
    {
      "h": 2
    },
    "Enter"
  ],
  [
    {
      "y": -0.75,
      "x": 14.25
    },
    "↑"
  ],
  [
    {
      "y": -0.25,
      "w": 1.5
    },
    "Ctrl",
    {
      "w": 1.5
    },
    "Alt",
    {
      "a": 7,
      "w": 7
    },
    "",
    {
      "a": 4,
      "w": 1.5
    },
    "Alt",
    {
      "w": 1.5
    },
    "Win",
    {
      "x": 3.5,
      "c": "#51dbd3",
      "w": 2
    },
    "0\nIns",
    {
      "c": "#cccccc"
    },
    ".\nDel"
  ],
  [
    {
      "y": -0.75,
      "x": 13.25
    },
    "←",
    "↓",
    "→"
  ],
  [
    {
      "y": 0.25,
      "w": 1.25
    },
    "Ctrl",
    {
      "w": 1.25
    },
    "Win",
    {
      "w": 1.25
    },
    "Alt",
    {
      "a": 7,
      "w": 6.25
    },
    "",
    {
      "a": 4,
      "w": 1.5
    },
    "Alt",
    {
      "w": 1.5
    },
    "Ctrl",
    {
      "x": 3.5,
      "c": "#51dbd3",
      "a": 7
    },
    "",
    ""
  ],
  [
    {
      "y": 0.25,
      "c": "#46cf8d",
      "w": 1.25,
      "w2": 1.75,
      "l": true
    },
    "",
    {
      "x": 11.75,
      "c": "#f71111"
    },
    "",
    ""
  ],
  [
    {
      "y": 0.25,
      "c": "#5a901a",
      "w": 1.25
    },
    "",
    "",
    {
      "x": 11.5,
      "c": "#dead2f",
      "w": 1.25,
      "h": 2,
      "w2": 1.5,
      "h2": 1,
      "x2": -0.25
    },
    ""
  ],
  [
    {
      "x": 12.75
    },
    ""
  ]
]