<?xml version="1.0" encoding="UTF-8"?>
<export version="D">
  <design>
    <source>C:\Users\Ryota\Documents\GitHub\Voyager20\Voyager20.sch</source>
    <date>2/17/2019 7:46:13 PM</date>
    <tool>Eeschema (5.0.0)</tool>
    <sheet number="1" name="/" tstamps="/">
      <title_block>
        <title/>
        <company/>
        <rev/>
        <date/>
        <source>Voyager20.sch</source>
        <comment number="1" value=""/>
        <comment number="2" value=""/>
        <comment number="3" value=""/>
        <comment number="4" value=""/>
      </title_block>
    </sheet>
  </design>
  <components>
    <comp ref="Y1">
      <value>16MHz</value>
      <footprint>Crystals:Crystal_SMD_3225-4pin_3.2x2.5mm</footprint>
      <libsource lib="Device" part="Crystal_GND24_Small" description="Four pin crystal, two ground/package pins (pin2 and 4) small symbol"/>
      <sheetpath names="/" tstamps="/"/>
      <tstamp>59E55B9D</tstamp>
    </comp>
    <comp ref="C1">
      <value>22p</value>
      <footprint>Capacitors_SMD:C_0603</footprint>
      <libsource lib="Device" part="C_Small" description="Unpolarized capacitor"/>
      <sheetpath names="/" tstamps="/"/>
      <tstamp>59E55C20</tstamp>
    </comp>
    <comp ref="C2">
      <value>22p</value>
      <footprint>Capacitors_SMD:C_0603</footprint>
      <libsource lib="Device" part="C_Small" description="Unpolarized capacitor"/>
      <sheetpath names="/" tstamps="/"/>
      <tstamp>59E55D4D</tstamp>
    </comp>
    <comp ref="R1">
      <value>10k</value>
      <footprint>Resistors_SMD:R_0805</footprint>
      <libsource lib="Device" part="R_Small" description="Resistor, small symbol"/>
      <sheetpath names="/" tstamps="/"/>
      <tstamp>59E56F4D</tstamp>
    </comp>
    <comp ref="C3">
      <value>1uF</value>
      <footprint>Capacitors_SMD:C_0603</footprint>
      <libsource lib="Device" part="C_Small" description="Unpolarized capacitor"/>
      <sheetpath names="/" tstamps="/"/>
      <tstamp>59E57FE4</tstamp>
    </comp>
    <comp ref="R2">
      <value>22</value>
      <footprint>Resistors_SMD:R_0805</footprint>
      <libsource lib="Device" part="R_Small" description="Resistor, small symbol"/>
      <sheetpath names="/" tstamps="/"/>
      <tstamp>59E5900C</tstamp>
    </comp>
    <comp ref="R3">
      <value>22</value>
      <footprint>Resistors_SMD:R_0805</footprint>
      <libsource lib="Device" part="R_Small" description="Resistor, small symbol"/>
      <sheetpath names="/" tstamps="/"/>
      <tstamp>59E59519</tstamp>
    </comp>
    <comp ref="F1">
      <value>500mA</value>
      <footprint>Fuse_Holders_and_Fuses:Fuse_SMD1206_Reflow</footprint>
      <libsource lib="Device" part="Polyfuse_Small" description="resettable fuse, polymeric positive temperature coefficient (PPTC), small symbol"/>
      <sheetpath names="/" tstamps="/"/>
      <tstamp>59E5C05A</tstamp>
    </comp>
    <comp ref="R5">
      <value>10k</value>
      <footprint>Resistors_SMD:R_0805</footprint>
      <libsource lib="Device" part="R_Small" description="Resistor, small symbol"/>
      <sheetpath names="/" tstamps="/"/>
      <tstamp>59E647C2</tstamp>
    </comp>
    <comp ref="CR1">
      <value>0.1u</value>
      <footprint>Capacitors_SMD:C_0603</footprint>
      <libsource lib="Device" part="C_Small" description="Unpolarized capacitor"/>
      <sheetpath names="/" tstamps="/"/>
      <tstamp>59E874F1</tstamp>
    </comp>
    <comp ref="CR2">
      <value>0.1u</value>
      <footprint>Capacitors_SMD:C_0603</footprint>
      <libsource lib="Device" part="C_Small" description="Unpolarized capacitor"/>
      <sheetpath names="/" tstamps="/"/>
      <tstamp>59E879A6</tstamp>
    </comp>
    <comp ref="CR3">
      <value>0.1u</value>
      <footprint>Capacitors_SMD:C_0603</footprint>
      <libsource lib="Device" part="C_Small" description="Unpolarized capacitor"/>
      <sheetpath names="/" tstamps="/"/>
      <tstamp>59E87A25</tstamp>
    </comp>
    <comp ref="CR4">
      <value>0.1u</value>
      <footprint>Capacitors_SMD:C_0603</footprint>
      <libsource lib="Device" part="C_Small" description="Unpolarized capacitor"/>
      <sheetpath names="/" tstamps="/"/>
      <tstamp>59E87A9B</tstamp>
    </comp>
    <comp ref="C4">
      <value>0.1u</value>
      <footprint>Capacitors_SMD:C_0603</footprint>
      <libsource lib="Device" part="C_Small" description="Unpolarized capacitor"/>
      <sheetpath names="/" tstamps="/"/>
      <tstamp>59E71603</tstamp>
    </comp>
    <comp ref="C5">
      <value>0.1u</value>
      <footprint>Capacitors_SMD:C_0603</footprint>
      <libsource lib="Device" part="C_Small" description="Unpolarized capacitor"/>
      <sheetpath names="/" tstamps="/"/>
      <tstamp>59E7418D</tstamp>
    </comp>
    <comp ref="C6">
      <value>4.7u</value>
      <footprint>Capacitors_SMD:C_0603</footprint>
      <libsource lib="Device" part="C_Small" description="Unpolarized capacitor"/>
      <sheetpath names="/" tstamps="/"/>
      <tstamp>59E7422A</tstamp>
    </comp>
    <comp ref="USB1">
      <value>HRO-TYPE-C-31-M-12</value>
      <footprint>Type-C:HRO-TYPE-C-31-M-12-Assembly</footprint>
      <libsource lib="Type-C" part="HRO-TYPE-C-31-M-12" description=""/>
      <sheetpath names="/" tstamps="/"/>
      <tstamp>5C0D1FF1</tstamp>
    </comp>
    <comp ref="R4">
      <value>5.1k</value>
      <footprint>Resistors_SMD:R_0805</footprint>
      <libsource lib="Device" part="R_Small" description="Resistor, small symbol"/>
      <sheetpath names="/" tstamps="/"/>
      <tstamp>5C0FDF68</tstamp>
    </comp>
    <comp ref="R6">
      <value>5.1k</value>
      <footprint>Resistors_SMD:R_0805</footprint>
      <libsource lib="Device" part="R_Small" description="Resistor, small symbol"/>
      <sheetpath names="/" tstamps="/"/>
      <tstamp>5C0FE230</tstamp>
    </comp>
    <comp ref="U2">
      <value>PRTR5V0U2X</value>
      <footprint>random-keyboard-parts:SOT143B</footprint>
      <libsource lib="ai03-locallib" part="PRTR5V0U2X" description=""/>
      <sheetpath names="/" tstamps="/"/>
      <tstamp>5C1416B5</tstamp>
    </comp>
    <comp ref="SW1">
      <value>SW_Push</value>
      <footprint>random-keyboard-parts:SKQG-1155865</footprint>
      <libsource lib="Switch" part="SW_Push" description="Push button switch, generic, two pins"/>
      <sheetpath names="/" tstamps="/"/>
      <tstamp>5C4ECFAF</tstamp>
    </comp>
    <comp ref="MX1">
      <value>MX-1U</value>
      <footprint>MX_Alps_Hybrid:MX-1U</footprint>
      <libsource lib="MX_Alps_Hybrids" part="MX-1U" description=""/>
      <sheetpath names="/" tstamps="/"/>
      <tstamp>5C5196DC</tstamp>
    </comp>
    <comp ref="D1">
      <value>SOD-123</value>
      <footprint>Diodes_SMD:D_SOD-123</footprint>
      <datasheet>~</datasheet>
      <libsource lib="Device" part="D_Small" description="Diode, small symbol"/>
      <sheetpath names="/" tstamps="/"/>
      <tstamp>5C5196E3</tstamp>
    </comp>
    <comp ref="R7">
      <value>1k</value>
      <footprint>Resistors_SMD:R_0805</footprint>
      <datasheet>~</datasheet>
      <libsource lib="Device" part="R_Small" description="Resistor, small symbol"/>
      <sheetpath names="/" tstamps="/"/>
      <tstamp>5C5196EA</tstamp>
    </comp>
    <comp ref="MX2">
      <value>MX-1U</value>
      <footprint>MX_Alps_Hybrid:MX-1U</footprint>
      <libsource lib="MX_Alps_Hybrids" part="MX-1U" description=""/>
      <sheetpath names="/" tstamps="/"/>
      <tstamp>5C5196F3</tstamp>
    </comp>
    <comp ref="D2">
      <value>SOD-123</value>
      <footprint>Diodes_SMD:D_SOD-123</footprint>
      <datasheet>~</datasheet>
      <libsource lib="Device" part="D_Small" description="Diode, small symbol"/>
      <sheetpath names="/" tstamps="/"/>
      <tstamp>5C5196FA</tstamp>
    </comp>
    <comp ref="R8">
      <value>1k</value>
      <footprint>Resistors_SMD:R_0805</footprint>
      <datasheet>~</datasheet>
      <libsource lib="Device" part="R_Small" description="Resistor, small symbol"/>
      <sheetpath names="/" tstamps="/"/>
      <tstamp>5C519701</tstamp>
    </comp>
    <comp ref="MX3">
      <value>MX-1U</value>
      <footprint>MX_Alps_Hybrid:MX-1U</footprint>
      <libsource lib="MX_Alps_Hybrids" part="MX-1U" description=""/>
      <sheetpath names="/" tstamps="/"/>
      <tstamp>5C51970A</tstamp>
    </comp>
    <comp ref="D3">
      <value>SOD-123</value>
      <footprint>Diodes_SMD:D_SOD-123</footprint>
      <datasheet>~</datasheet>
      <libsource lib="Device" part="D_Small" description="Diode, small symbol"/>
      <sheetpath names="/" tstamps="/"/>
      <tstamp>5C519711</tstamp>
    </comp>
    <comp ref="R9">
      <value>1k</value>
      <footprint>Resistors_SMD:R_0805</footprint>
      <datasheet>~</datasheet>
      <libsource lib="Device" part="R_Small" description="Resistor, small symbol"/>
      <sheetpath names="/" tstamps="/"/>
      <tstamp>5C519718</tstamp>
    </comp>
    <comp ref="MX4">
      <value>MX-1U</value>
      <footprint>MX_Alps_Hybrid:MX-1U</footprint>
      <libsource lib="MX_Alps_Hybrids" part="MX-1U" description=""/>
      <sheetpath names="/" tstamps="/"/>
      <tstamp>5C519721</tstamp>
    </comp>
    <comp ref="D4">
      <value>SOD-123</value>
      <footprint>Diodes_SMD:D_SOD-123</footprint>
      <datasheet>~</datasheet>
      <libsource lib="Device" part="D_Small" description="Diode, small symbol"/>
      <sheetpath names="/" tstamps="/"/>
      <tstamp>5C519728</tstamp>
    </comp>
    <comp ref="R10">
      <value>1k</value>
      <footprint>Resistors_SMD:R_0805</footprint>
      <datasheet>~</datasheet>
      <libsource lib="Device" part="R_Small" description="Resistor, small symbol"/>
      <sheetpath names="/" tstamps="/"/>
      <tstamp>5C51972F</tstamp>
    </comp>
    <comp ref="MX5">
      <value>MX-1U</value>
      <footprint>MX_Alps_Hybrid:MX-1U</footprint>
      <libsource lib="MX_Alps_Hybrids" part="MX-1U" description=""/>
      <sheetpath names="/" tstamps="/"/>
      <tstamp>5C519738</tstamp>
    </comp>
    <comp ref="D5">
      <value>SOD-123</value>
      <footprint>Diodes_SMD:D_SOD-123</footprint>
      <datasheet>~</datasheet>
      <libsource lib="Device" part="D_Small" description="Diode, small symbol"/>
      <sheetpath names="/" tstamps="/"/>
      <tstamp>5C51973F</tstamp>
    </comp>
    <comp ref="R11">
      <value>1k</value>
      <footprint>Resistors_SMD:R_0805</footprint>
      <datasheet>~</datasheet>
      <libsource lib="Device" part="R_Small" description="Resistor, small symbol"/>
      <sheetpath names="/" tstamps="/"/>
      <tstamp>5C519746</tstamp>
    </comp>
    <comp ref="MX6">
      <value>MX-1U</value>
      <footprint>MX_Alps_Hybrid:MX-1U</footprint>
      <libsource lib="MX_Alps_Hybrids" part="MX-1U" description=""/>
      <sheetpath names="/" tstamps="/"/>
      <tstamp>5C51974F</tstamp>
    </comp>
    <comp ref="D6">
      <value>SOD-123</value>
      <footprint>Diodes_SMD:D_SOD-123</footprint>
      <datasheet>~</datasheet>
      <libsource lib="Device" part="D_Small" description="Diode, small symbol"/>
      <sheetpath names="/" tstamps="/"/>
      <tstamp>5C519756</tstamp>
    </comp>
    <comp ref="R12">
      <value>1k</value>
      <footprint>Resistors_SMD:R_0805</footprint>
      <datasheet>~</datasheet>
      <libsource lib="Device" part="R_Small" description="Resistor, small symbol"/>
      <sheetpath names="/" tstamps="/"/>
      <tstamp>5C51975D</tstamp>
    </comp>
    <comp ref="MX7">
      <value>MX-1U</value>
      <footprint>MX_Alps_Hybrid:MX-1U</footprint>
      <libsource lib="MX_Alps_Hybrids" part="MX-1U" description=""/>
      <sheetpath names="/" tstamps="/"/>
      <tstamp>5C519766</tstamp>
    </comp>
    <comp ref="D7">
      <value>SOD-123</value>
      <footprint>Diodes_SMD:D_SOD-123</footprint>
      <datasheet>~</datasheet>
      <libsource lib="Device" part="D_Small" description="Diode, small symbol"/>
      <sheetpath names="/" tstamps="/"/>
      <tstamp>5C51976D</tstamp>
    </comp>
    <comp ref="R13">
      <value>1k</value>
      <footprint>Resistors_SMD:R_0805</footprint>
      <datasheet>~</datasheet>
      <libsource lib="Device" part="R_Small" description="Resistor, small symbol"/>
      <sheetpath names="/" tstamps="/"/>
      <tstamp>5C519774</tstamp>
    </comp>
    <comp ref="MX8">
      <value>MX-1U</value>
      <footprint>MX_Alps_Hybrid:MX-1U</footprint>
      <libsource lib="MX_Alps_Hybrids" part="MX-1U" description=""/>
      <sheetpath names="/" tstamps="/"/>
      <tstamp>5C51977D</tstamp>
    </comp>
    <comp ref="D8">
      <value>SOD-123</value>
      <footprint>Diodes_SMD:D_SOD-123</footprint>
      <datasheet>~</datasheet>
      <libsource lib="Device" part="D_Small" description="Diode, small symbol"/>
      <sheetpath names="/" tstamps="/"/>
      <tstamp>5C519784</tstamp>
    </comp>
    <comp ref="R14">
      <value>1k</value>
      <footprint>Resistors_SMD:R_0805</footprint>
      <datasheet>~</datasheet>
      <libsource lib="Device" part="R_Small" description="Resistor, small symbol"/>
      <sheetpath names="/" tstamps="/"/>
      <tstamp>5C51978B</tstamp>
    </comp>
    <comp ref="MX9">
      <value>MX-1U</value>
      <footprint>MX_Alps_Hybrid:MX-1U</footprint>
      <libsource lib="MX_Alps_Hybrids" part="MX-1U" description=""/>
      <sheetpath names="/" tstamps="/"/>
      <tstamp>5C51FD33</tstamp>
    </comp>
    <comp ref="D10">
      <value>SOD-123</value>
      <footprint>Diodes_SMD:D_SOD-123</footprint>
      <datasheet>~</datasheet>
      <libsource lib="Device" part="D_Small" description="Diode, small symbol"/>
      <sheetpath names="/" tstamps="/"/>
      <tstamp>5C51FD3A</tstamp>
    </comp>
    <comp ref="R15">
      <value>1k</value>
      <footprint>Resistors_SMD:R_0805</footprint>
      <datasheet>~</datasheet>
      <libsource lib="Device" part="R_Small" description="Resistor, small symbol"/>
      <sheetpath names="/" tstamps="/"/>
      <tstamp>5C51FD41</tstamp>
    </comp>
    <comp ref="MX10">
      <value>MX-1U</value>
      <footprint>MX_Alps_Hybrid:MX-1U</footprint>
      <libsource lib="MX_Alps_Hybrids" part="MX-1U" description=""/>
      <sheetpath names="/" tstamps="/"/>
      <tstamp>5C51FD4A</tstamp>
    </comp>
    <comp ref="D11">
      <value>SOD-123</value>
      <footprint>Diodes_SMD:D_SOD-123</footprint>
      <datasheet>~</datasheet>
      <libsource lib="Device" part="D_Small" description="Diode, small symbol"/>
      <sheetpath names="/" tstamps="/"/>
      <tstamp>5C51FD51</tstamp>
    </comp>
    <comp ref="R16">
      <value>1k</value>
      <footprint>Resistors_SMD:R_0805</footprint>
      <datasheet>~</datasheet>
      <libsource lib="Device" part="R_Small" description="Resistor, small symbol"/>
      <sheetpath names="/" tstamps="/"/>
      <tstamp>5C51FD58</tstamp>
    </comp>
    <comp ref="MX11">
      <value>MX-1U</value>
      <footprint>MX_Alps_Hybrid:MX-1U</footprint>
      <libsource lib="MX_Alps_Hybrids" part="MX-1U" description=""/>
      <sheetpath names="/" tstamps="/"/>
      <tstamp>5C51FD61</tstamp>
    </comp>
    <comp ref="D12">
      <value>SOD-123</value>
      <footprint>Diodes_SMD:D_SOD-123</footprint>
      <datasheet>~</datasheet>
      <libsource lib="Device" part="D_Small" description="Diode, small symbol"/>
      <sheetpath names="/" tstamps="/"/>
      <tstamp>5C51FD68</tstamp>
    </comp>
    <comp ref="R17">
      <value>1k</value>
      <footprint>Resistors_SMD:R_0805</footprint>
      <datasheet>~</datasheet>
      <libsource lib="Device" part="R_Small" description="Resistor, small symbol"/>
      <sheetpath names="/" tstamps="/"/>
      <tstamp>5C51FD6F</tstamp>
    </comp>
    <comp ref="MX12">
      <value>MX-1U</value>
      <footprint>MX_Alps_Hybrid:MX-1U</footprint>
      <libsource lib="MX_Alps_Hybrids" part="MX-1U" description=""/>
      <sheetpath names="/" tstamps="/"/>
      <tstamp>5C51FD78</tstamp>
    </comp>
    <comp ref="D13">
      <value>SOD-123</value>
      <footprint>Diodes_SMD:D_SOD-123</footprint>
      <datasheet>~</datasheet>
      <libsource lib="Device" part="D_Small" description="Diode, small symbol"/>
      <sheetpath names="/" tstamps="/"/>
      <tstamp>5C51FD7F</tstamp>
    </comp>
    <comp ref="R18">
      <value>1k</value>
      <footprint>Resistors_SMD:R_0805</footprint>
      <datasheet>~</datasheet>
      <libsource lib="Device" part="R_Small" description="Resistor, small symbol"/>
      <sheetpath names="/" tstamps="/"/>
      <tstamp>5C51FD86</tstamp>
    </comp>
    <comp ref="MX13">
      <value>MX-1U</value>
      <footprint>MX_Alps_Hybrid:MX-1U</footprint>
      <libsource lib="MX_Alps_Hybrids" part="MX-1U" description=""/>
      <sheetpath names="/" tstamps="/"/>
      <tstamp>5C51FD8F</tstamp>
    </comp>
    <comp ref="D14">
      <value>SOD-123</value>
      <footprint>Diodes_SMD:D_SOD-123</footprint>
      <datasheet>~</datasheet>
      <libsource lib="Device" part="D_Small" description="Diode, small symbol"/>
      <sheetpath names="/" tstamps="/"/>
      <tstamp>5C51FD96</tstamp>
    </comp>
    <comp ref="R19">
      <value>1k</value>
      <footprint>Resistors_SMD:R_0805</footprint>
      <datasheet>~</datasheet>
      <libsource lib="Device" part="R_Small" description="Resistor, small symbol"/>
      <sheetpath names="/" tstamps="/"/>
      <tstamp>5C51FD9D</tstamp>
    </comp>
    <comp ref="MX14">
      <value>MX-1U</value>
      <footprint>MX_Alps_Hybrid:MX-1U</footprint>
      <libsource lib="MX_Alps_Hybrids" part="MX-1U" description=""/>
      <sheetpath names="/" tstamps="/"/>
      <tstamp>5C51FDA6</tstamp>
    </comp>
    <comp ref="D15">
      <value>SOD-123</value>
      <footprint>Diodes_SMD:D_SOD-123</footprint>
      <datasheet>~</datasheet>
      <libsource lib="Device" part="D_Small" description="Diode, small symbol"/>
      <sheetpath names="/" tstamps="/"/>
      <tstamp>5C51FDAD</tstamp>
    </comp>
    <comp ref="R20">
      <value>1k</value>
      <footprint>Resistors_SMD:R_0805</footprint>
      <datasheet>~</datasheet>
      <libsource lib="Device" part="R_Small" description="Resistor, small symbol"/>
      <sheetpath names="/" tstamps="/"/>
      <tstamp>5C51FDB4</tstamp>
    </comp>
    <comp ref="MX15">
      <value>MX-1U</value>
      <footprint>MX_Alps_Hybrid:MX-1U</footprint>
      <libsource lib="MX_Alps_Hybrids" part="MX-1U" description=""/>
      <sheetpath names="/" tstamps="/"/>
      <tstamp>5C51FDBD</tstamp>
    </comp>
    <comp ref="D16">
      <value>SOD-123</value>
      <footprint>Diodes_SMD:D_SOD-123</footprint>
      <datasheet>~</datasheet>
      <libsource lib="Device" part="D_Small" description="Diode, small symbol"/>
      <sheetpath names="/" tstamps="/"/>
      <tstamp>5C51FDC4</tstamp>
    </comp>
    <comp ref="R21">
      <value>1k</value>
      <footprint>Resistors_SMD:R_0805</footprint>
      <datasheet>~</datasheet>
      <libsource lib="Device" part="R_Small" description="Resistor, small symbol"/>
      <sheetpath names="/" tstamps="/"/>
      <tstamp>5C51FDCB</tstamp>
    </comp>
    <comp ref="MX16">
      <value>MX-1U</value>
      <footprint>MX_Alps_Hybrid:MX-1U</footprint>
      <libsource lib="MX_Alps_Hybrids" part="MX-1U" description=""/>
      <sheetpath names="/" tstamps="/"/>
      <tstamp>5C51FDD4</tstamp>
    </comp>
    <comp ref="D17">
      <value>SOD-123</value>
      <footprint>Diodes_SMD:D_SOD-123</footprint>
      <datasheet>~</datasheet>
      <libsource lib="Device" part="D_Small" description="Diode, small symbol"/>
      <sheetpath names="/" tstamps="/"/>
      <tstamp>5C51FDDB</tstamp>
    </comp>
    <comp ref="R22">
      <value>1k</value>
      <footprint>Resistors_SMD:R_0805</footprint>
      <datasheet>~</datasheet>
      <libsource lib="Device" part="R_Small" description="Resistor, small symbol"/>
      <sheetpath names="/" tstamps="/"/>
      <tstamp>5C51FDE2</tstamp>
    </comp>
    <comp ref="MX17">
      <value>MX-1U</value>
      <footprint>MX_Alps_Hybrid:MX-1U</footprint>
      <libsource lib="MX_Alps_Hybrids" part="MX-1U" description=""/>
      <sheetpath names="/" tstamps="/"/>
      <tstamp>5C523E3E</tstamp>
    </comp>
    <comp ref="D19">
      <value>SOD-123</value>
      <footprint>Diodes_SMD:D_SOD-123</footprint>
      <datasheet>~</datasheet>
      <libsource lib="Device" part="D_Small" description="Diode, small symbol"/>
      <sheetpath names="/" tstamps="/"/>
      <tstamp>5C523E45</tstamp>
    </comp>
    <comp ref="R23">
      <value>1k</value>
      <footprint>Resistors_SMD:R_0805</footprint>
      <datasheet>~</datasheet>
      <libsource lib="Device" part="R_Small" description="Resistor, small symbol"/>
      <sheetpath names="/" tstamps="/"/>
      <tstamp>5C523E4C</tstamp>
    </comp>
    <comp ref="MX18">
      <value>MX-1U</value>
      <footprint>MX_Alps_Hybrid:MX-1U</footprint>
      <libsource lib="MX_Alps_Hybrids" part="MX-1U" description=""/>
      <sheetpath names="/" tstamps="/"/>
      <tstamp>5C523E55</tstamp>
    </comp>
    <comp ref="D20">
      <value>SOD-123</value>
      <footprint>Diodes_SMD:D_SOD-123</footprint>
      <datasheet>~</datasheet>
      <libsource lib="Device" part="D_Small" description="Diode, small symbol"/>
      <sheetpath names="/" tstamps="/"/>
      <tstamp>5C523E5C</tstamp>
    </comp>
    <comp ref="R24">
      <value>1k</value>
      <footprint>Resistors_SMD:R_0805</footprint>
      <datasheet>~</datasheet>
      <libsource lib="Device" part="R_Small" description="Resistor, small symbol"/>
      <sheetpath names="/" tstamps="/"/>
      <tstamp>5C523E63</tstamp>
    </comp>
    <comp ref="MX19">
      <value>MX-1U</value>
      <footprint>MX_Alps_Hybrid:MX-1U</footprint>
      <libsource lib="MX_Alps_Hybrids" part="MX-1U" description=""/>
      <sheetpath names="/" tstamps="/"/>
      <tstamp>5C523E6C</tstamp>
    </comp>
    <comp ref="D21">
      <value>SOD-123</value>
      <footprint>Diodes_SMD:D_SOD-123</footprint>
      <datasheet>~</datasheet>
      <libsource lib="Device" part="D_Small" description="Diode, small symbol"/>
      <sheetpath names="/" tstamps="/"/>
      <tstamp>5C523E73</tstamp>
    </comp>
    <comp ref="R25">
      <value>1k</value>
      <footprint>Resistors_SMD:R_0805</footprint>
      <datasheet>~</datasheet>
      <libsource lib="Device" part="R_Small" description="Resistor, small symbol"/>
      <sheetpath names="/" tstamps="/"/>
      <tstamp>5C523E7A</tstamp>
    </comp>
    <comp ref="MX20">
      <value>MX-1U</value>
      <footprint>MX_Alps_Hybrid:MX-1U</footprint>
      <libsource lib="MX_Alps_Hybrids" part="MX-1U" description=""/>
      <sheetpath names="/" tstamps="/"/>
      <tstamp>5C523E83</tstamp>
    </comp>
    <comp ref="D22">
      <value>SOD-123</value>
      <footprint>Diodes_SMD:D_SOD-123</footprint>
      <datasheet>~</datasheet>
      <libsource lib="Device" part="D_Small" description="Diode, small symbol"/>
      <sheetpath names="/" tstamps="/"/>
      <tstamp>5C523E8A</tstamp>
    </comp>
    <comp ref="R26">
      <value>1k</value>
      <footprint>Resistors_SMD:R_0805</footprint>
      <datasheet>~</datasheet>
      <libsource lib="Device" part="R_Small" description="Resistor, small symbol"/>
      <sheetpath names="/" tstamps="/"/>
      <tstamp>5C523E91</tstamp>
    </comp>
    <comp ref="D9">
      <value>WS2812B</value>
      <footprint>LEDs:LED_WS2812B-PLCC4</footprint>
      <datasheet>https://cdn-shop.adafruit.com/datasheets/WS2812B.pdf</datasheet>
      <libsource lib="LED" part="WS2812B" description="RGB LED with integrated controller"/>
      <sheetpath names="/" tstamps="/"/>
      <tstamp>5C592266</tstamp>
    </comp>
    <comp ref="D18">
      <value>WS2812B</value>
      <footprint>LEDs:LED_WS2812B-PLCC4</footprint>
      <datasheet>https://cdn-shop.adafruit.com/datasheets/WS2812B.pdf</datasheet>
      <libsource lib="LED" part="WS2812B" description="RGB LED with integrated controller"/>
      <sheetpath names="/" tstamps="/"/>
      <tstamp>5C5B39F3</tstamp>
    </comp>
    <comp ref="D23">
      <value>WS2812B</value>
      <footprint>LEDs:LED_WS2812B-PLCC4</footprint>
      <datasheet>https://cdn-shop.adafruit.com/datasheets/WS2812B.pdf</datasheet>
      <libsource lib="LED" part="WS2812B" description="RGB LED with integrated controller"/>
      <sheetpath names="/" tstamps="/"/>
      <tstamp>5C5BEF3C</tstamp>
    </comp>
    <comp ref="D24">
      <value>WS2812B</value>
      <footprint>LEDs:LED_WS2812B-PLCC4</footprint>
      <datasheet>https://cdn-shop.adafruit.com/datasheets/WS2812B.pdf</datasheet>
      <libsource lib="LED" part="WS2812B" description="RGB LED with integrated controller"/>
      <sheetpath names="/" tstamps="/"/>
      <tstamp>5C5BEF4F</tstamp>
    </comp>
    <comp ref="MX-E-3">
      <value>MX-2U</value>
      <footprint>MX_Alps_Hybrid:MX-2U-ReversedStabilizers</footprint>
      <libsource lib="MX_Alps_Hybrids" part="MX-1U" description=""/>
      <sheetpath names="/" tstamps="/"/>
      <tstamp>5C63211B</tstamp>
    </comp>
    <comp ref="MX-E-2">
      <value>MX-2U</value>
      <footprint>MX_Alps_Hybrid:MX-2U-ReversedStabilizers</footprint>
      <libsource lib="MX_Alps_Hybrids" part="MX-1U" description=""/>
      <sheetpath names="/" tstamps="/"/>
      <tstamp>5C6326CC</tstamp>
    </comp>
    <comp ref="MX-E-1">
      <value>MX-2U</value>
      <footprint>MX_Alps_Hybrid:MX-2U-ReversedStabilizers</footprint>
      <libsource lib="MX_Alps_Hybrids" part="MX-1U" description=""/>
      <sheetpath names="/" tstamps="/"/>
      <tstamp>5C632A78</tstamp>
    </comp>
    <comp ref="U1">
      <value>ATmega32U2-AU</value>
      <footprint>Housings_DFN_QFN:QFN-32-1EP_5x5mm_Pitch0.5mm</footprint>
      <datasheet>http://ww1.microchip.com/downloads/en/DeviceDoc/doc7799.pdf</datasheet>
      <libsource lib="MCU_Microchip_ATmega" part="ATmega32U2-AU" description="16MHz, 32kB Flash, 1kB SRAM, 1kB EEPROM, TQFP-32"/>
      <sheetpath names="/" tstamps="/"/>
      <tstamp>5C4CD665</tstamp>
    </comp>
    <comp ref="Q1">
      <value>Q_NPN_BEC</value>
      <footprint>TO_SOT_Packages_SMD:SOT-23</footprint>
      <datasheet>~</datasheet>
      <libsource lib="Device" part="Q_NPN_BEC" description="Transistor NPN (general)"/>
      <sheetpath names="/" tstamps="/"/>
      <tstamp>5C635883</tstamp>
    </comp>
    <comp ref="R27">
      <value>1k</value>
      <footprint>Resistors_SMD:R_0805</footprint>
      <libsource lib="Device" part="R_Small" description="Resistor, small symbol"/>
      <sheetpath names="/" tstamps="/"/>
      <tstamp>5C641C19</tstamp>
    </comp>
    <comp ref="MX21">
      <value>MX-1U</value>
      <footprint>MX_Alps_Hybrid:MX-1U</footprint>
      <libsource lib="MX_Alps_Hybrids" part="MX-1U" description=""/>
      <sheetpath names="/" tstamps="/"/>
      <tstamp>5C7049D6</tstamp>
    </comp>
    <comp ref="D25">
      <value>SOD-123</value>
      <footprint>Diodes_SMD:D_SOD-123</footprint>
      <datasheet>~</datasheet>
      <libsource lib="Device" part="D_Small" description="Diode, small symbol"/>
      <sheetpath names="/" tstamps="/"/>
      <tstamp>5C7049DD</tstamp>
    </comp>
    <comp ref="R28">
      <value>1k</value>
      <footprint>Resistors_SMD:R_0805</footprint>
      <datasheet>~</datasheet>
      <libsource lib="Device" part="R_Small" description="Resistor, small symbol"/>
      <sheetpath names="/" tstamps="/"/>
      <tstamp>5C7049E4</tstamp>
    </comp>
    <comp ref="MX22">
      <value>MX-1U</value>
      <footprint>MX_Alps_Hybrid:MX-1U</footprint>
      <libsource lib="MX_Alps_Hybrids" part="MX-1U" description=""/>
      <sheetpath names="/" tstamps="/"/>
      <tstamp>5C7049ED</tstamp>
    </comp>
    <comp ref="D26">
      <value>SOD-123</value>
      <footprint>Diodes_SMD:D_SOD-123</footprint>
      <datasheet>~</datasheet>
      <libsource lib="Device" part="D_Small" description="Diode, small symbol"/>
      <sheetpath names="/" tstamps="/"/>
      <tstamp>5C7049F4</tstamp>
    </comp>
    <comp ref="R29">
      <value>1k</value>
      <footprint>Resistors_SMD:R_0805</footprint>
      <datasheet>~</datasheet>
      <libsource lib="Device" part="R_Small" description="Resistor, small symbol"/>
      <sheetpath names="/" tstamps="/"/>
      <tstamp>5C7049FB</tstamp>
    </comp>
    <comp ref="MX23">
      <value>MX-1U</value>
      <footprint>MX_Alps_Hybrid:MX-1U</footprint>
      <libsource lib="MX_Alps_Hybrids" part="MX-1U" description=""/>
      <sheetpath names="/" tstamps="/"/>
      <tstamp>5C704A04</tstamp>
    </comp>
    <comp ref="D27">
      <value>SOD-123</value>
      <footprint>Diodes_SMD:D_SOD-123</footprint>
      <datasheet>~</datasheet>
      <libsource lib="Device" part="D_Small" description="Diode, small symbol"/>
      <sheetpath names="/" tstamps="/"/>
      <tstamp>5C704A0B</tstamp>
    </comp>
    <comp ref="R30">
      <value>1k</value>
      <footprint>Resistors_SMD:R_0805</footprint>
      <datasheet>~</datasheet>
      <libsource lib="Device" part="R_Small" description="Resistor, small symbol"/>
      <sheetpath names="/" tstamps="/"/>
      <tstamp>5C704A12</tstamp>
    </comp>
    <comp ref="MX24">
      <value>MX-1U</value>
      <footprint>MX_Alps_Hybrid:MX-1U</footprint>
      <libsource lib="MX_Alps_Hybrids" part="MX-1U" description=""/>
      <sheetpath names="/" tstamps="/"/>
      <tstamp>5C704A1B</tstamp>
    </comp>
    <comp ref="D28">
      <value>SOD-123</value>
      <footprint>Diodes_SMD:D_SOD-123</footprint>
      <datasheet>~</datasheet>
      <libsource lib="Device" part="D_Small" description="Diode, small symbol"/>
      <sheetpath names="/" tstamps="/"/>
      <tstamp>5C704A22</tstamp>
    </comp>
    <comp ref="R31">
      <value>1k</value>
      <footprint>Resistors_SMD:R_0805</footprint>
      <datasheet>~</datasheet>
      <libsource lib="Device" part="R_Small" description="Resistor, small symbol"/>
      <sheetpath names="/" tstamps="/"/>
      <tstamp>5C704A29</tstamp>
    </comp>
  </components>
  <libparts>
    <libpart lib="Device" part="C_Small">
      <description>Unpolarized capacitor</description>
      <docs>~</docs>
      <footprints>
        <fp>C_*</fp>
      </footprints>
      <fields>
        <field name="Reference">C</field>
        <field name="Value">C_Small</field>
      </fields>
      <pins>
        <pin num="1" name="~" type="passive"/>
        <pin num="2" name="~" type="passive"/>
      </pins>
    </libpart>
    <libpart lib="Device" part="Crystal_GND24_Small">
      <description>Four pin crystal, two ground/package pins (pin2 and 4) small symbol</description>
      <docs>~</docs>
      <footprints>
        <fp>Crystal*</fp>
      </footprints>
      <fields>
        <field name="Reference">Y</field>
        <field name="Value">Crystal_GND24_Small</field>
      </fields>
      <pins>
        <pin num="1" name="1" type="passive"/>
        <pin num="2" name="2" type="passive"/>
        <pin num="3" name="3" type="passive"/>
        <pin num="4" name="4" type="passive"/>
      </pins>
    </libpart>
    <libpart lib="Device" part="D_Small">
      <description>Diode, small symbol</description>
      <docs>~</docs>
      <footprints>
        <fp>TO-???*</fp>
        <fp>*_Diode_*</fp>
        <fp>*SingleDiode*</fp>
        <fp>D_*</fp>
      </footprints>
      <fields>
        <field name="Reference">D</field>
        <field name="Value">D_Small</field>
      </fields>
      <pins>
        <pin num="1" name="K" type="passive"/>
        <pin num="2" name="A" type="passive"/>
      </pins>
    </libpart>
    <libpart lib="Device" part="Polyfuse_Small">
      <description>resettable fuse, polymeric positive temperature coefficient (PPTC), small symbol</description>
      <docs>~</docs>
      <footprints>
        <fp>*polyfuse*</fp>
        <fp>*PTC*</fp>
      </footprints>
      <fields>
        <field name="Reference">F</field>
        <field name="Value">Polyfuse_Small</field>
      </fields>
      <pins>
        <pin num="1" name="~" type="passive"/>
        <pin num="2" name="~" type="passive"/>
      </pins>
    </libpart>
    <libpart lib="Device" part="Q_NPN_BEC">
      <description>Transistor NPN (general)</description>
      <docs>~</docs>
      <fields>
        <field name="Reference">Q</field>
        <field name="Value">Q_NPN_BEC</field>
      </fields>
      <pins>
        <pin num="1" name="B" type="input"/>
        <pin num="2" name="E" type="passive"/>
        <pin num="3" name="C" type="passive"/>
      </pins>
    </libpart>
    <libpart lib="Device" part="R_Small">
      <description>Resistor, small symbol</description>
      <docs>~</docs>
      <footprints>
        <fp>R_*</fp>
      </footprints>
      <fields>
        <field name="Reference">R</field>
        <field name="Value">R_Small</field>
      </fields>
      <pins>
        <pin num="1" name="~" type="passive"/>
        <pin num="2" name="~" type="passive"/>
      </pins>
    </libpart>
    <libpart lib="LED" part="WS2812B">
      <description>RGB LED with integrated controller</description>
      <docs>https://cdn-shop.adafruit.com/datasheets/WS2812B.pdf</docs>
      <footprints>
        <fp>LED*WS2812*PLCC*5.0x5.0mm*P3.2mm*</fp>
      </footprints>
      <fields>
        <field name="Reference">D</field>
        <field name="Value">WS2812B</field>
        <field name="Footprint">LED_SMD:LED_WS2812B_PLCC4_5.0x5.0mm_P3.2mm</field>
      </fields>
      <pins>
        <pin num="1" name="VDD" type="power_in"/>
        <pin num="2" name="DOUT" type="output"/>
        <pin num="3" name="VSS" type="power_in"/>
        <pin num="4" name="DIN" type="input"/>
      </pins>
    </libpart>
    <libpart lib="MCU_Microchip_ATmega" part="ATmega8U2-AU">
      <aliases>
        <alias>ATmega16U2-AU</alias>
        <alias>ATmega32U2-AU</alias>
      </aliases>
      <description>16MHz, 8kB Flash, 512B SRAM, 512B EEPROM, TQFP-32</description>
      <docs>http://ww1.microchip.com/downloads/en/DeviceDoc/doc7799.pdf</docs>
      <footprints>
        <fp>TQFP*7x7mm*P0.8mm*</fp>
      </footprints>
      <fields>
        <field name="Reference">U</field>
        <field name="Value">ATmega8U2-AU</field>
        <field name="Footprint">Package_QFP:TQFP-32_7x7mm_P0.8mm</field>
      </fields>
      <pins>
        <pin num="1" name="XTAL1" type="input"/>
        <pin num="2" name="PC0/XTAL2" type="BiDi"/>
        <pin num="3" name="GND" type="power_in"/>
        <pin num="4" name="VCC" type="power_in"/>
        <pin num="5" name="PC2" type="BiDi"/>
        <pin num="6" name="PD0" type="BiDi"/>
        <pin num="7" name="PD1" type="BiDi"/>
        <pin num="8" name="PD2" type="BiDi"/>
        <pin num="9" name="PD3" type="BiDi"/>
        <pin num="10" name="PD4" type="BiDi"/>
        <pin num="11" name="PD5" type="BiDi"/>
        <pin num="12" name="PD6" type="BiDi"/>
        <pin num="13" name="~HWB~/PD7" type="BiDi"/>
        <pin num="14" name="PB0" type="BiDi"/>
        <pin num="15" name="PB1" type="BiDi"/>
        <pin num="16" name="PB2" type="BiDi"/>
        <pin num="17" name="PB3" type="BiDi"/>
        <pin num="18" name="PB4" type="BiDi"/>
        <pin num="19" name="PB5" type="BiDi"/>
        <pin num="20" name="PB6" type="BiDi"/>
        <pin num="21" name="PB7" type="BiDi"/>
        <pin num="22" name="PC7" type="BiDi"/>
        <pin num="23" name="PC6" type="BiDi"/>
        <pin num="24" name="PC1/~RESET" type="BiDi"/>
        <pin num="25" name="PC5" type="BiDi"/>
        <pin num="26" name="PC4" type="BiDi"/>
        <pin num="27" name="UCAP" type="passive"/>
        <pin num="28" name="UGND" type="power_in"/>
        <pin num="29" name="D+" type="BiDi"/>
        <pin num="30" name="D-" type="BiDi"/>
        <pin num="31" name="UVCC" type="power_in"/>
        <pin num="32" name="AVCC" type="power_in"/>
      </pins>
    </libpart>
    <libpart lib="MX_Alps_Hybrids" part="MX-1U">
      <fields>
        <field name="Reference">MX</field>
        <field name="Value">MX-1U</field>
      </fields>
      <pins>
        <pin num="1" name="COL" type="passive"/>
        <pin num="2" name="ROW" type="passive"/>
        <pin num="3" name="LED" type="passive"/>
        <pin num="4" name="LEDGND" type="passive"/>
      </pins>
    </libpart>
    <libpart lib="Switch" part="SW_Push">
      <description>Push button switch, generic, two pins</description>
      <fields>
        <field name="Reference">SW</field>
        <field name="Value">SW_Push</field>
      </fields>
      <pins>
        <pin num="1" name="1" type="passive"/>
        <pin num="2" name="2" type="passive"/>
      </pins>
    </libpart>
    <libpart lib="Type-C" part="HRO-TYPE-C-31-M-12">
      <fields>
        <field name="Reference">USB</field>
        <field name="Value">HRO-TYPE-C-31-M-12</field>
      </fields>
      <pins>
        <pin num="1" name="GND" type="input"/>
        <pin num="2" name="VBUS" type="input"/>
        <pin num="3" name="SBU2" type="input"/>
        <pin num="4" name="CC1" type="input"/>
        <pin num="5" name="DN2" type="input"/>
        <pin num="6" name="DP1" type="input"/>
        <pin num="7" name="DN1" type="input"/>
        <pin num="8" name="DP2" type="input"/>
        <pin num="9" name="SBU1" type="input"/>
        <pin num="10" name="CC2" type="input"/>
        <pin num="11" name="VBUS" type="input"/>
        <pin num="12" name="GND" type="input"/>
        <pin num="13" name="SHIELD" type="input"/>
      </pins>
    </libpart>
    <libpart lib="ai03-locallib" part="PRTR5V0U2X">
      <fields>
        <field name="Reference">U</field>
        <field name="Value">PRTR5V0U2X</field>
      </fields>
      <pins>
        <pin num="1" name="GND" type="input"/>
        <pin num="2" name="IO1" type="input"/>
        <pin num="3" name="IO2" type="input"/>
        <pin num="4" name="VCC" type="input"/>
      </pins>
    </libpart>
  </libparts>
  <libraries>
    <library logical="Device">
      <uri>C:\Program Files\KiCad\share\kicad\library/Device.lib</uri>
    </library>
    <library logical="LED">
      <uri>C:\Program Files\KiCad\share\kicad\library/LED.lib</uri>
    </library>
    <library logical="MCU_Microchip_ATmega">
      <uri>C:\Program Files\KiCad\share\kicad\library/MCU_Microchip_ATmega.lib</uri>
    </library>
    <library logical="MX_Alps_Hybrids">
      <uri>C:\Users\Ryota\Documents\GitHub\Voyager20/MX_Alps_Hybrid.pretty/Schematic Library/MX_Alps_Hybrids.lib</uri>
    </library>
    <library logical="Switch">
      <uri>C:\Program Files\KiCad\share\kicad\library/Switch.lib</uri>
    </library>
    <library logical="Type-C">
      <uri>C:\Users\Ryota\Documents\GitHub\Voyager20/Type-C.pretty/Type-C.lib</uri>
    </library>
    <library logical="ai03-locallib">
      <uri>C:\Users\Ryota\Documents\GitHub\Voyager20/locallib.pretty/schema/ai03-locallib.lib</uri>
    </library>
  </libraries>
  <nets>
    <net code="1" name="GND">
      <node ref="D9" pin="3"/>
      <node ref="R5" pin="1"/>
      <node ref="Y1" pin="2"/>
      <node ref="Y1" pin="4"/>
      <node ref="U2" pin="1"/>
      <node ref="D24" pin="3"/>
      <node ref="USB1" pin="1"/>
      <node ref="C5" pin="2"/>
      <node ref="CR3" pin="2"/>
      <node ref="CR1" pin="2"/>
      <node ref="CR2" pin="2"/>
      <node ref="C6" pin="2"/>
      <node ref="SW1" pin="1"/>
      <node ref="CR4" pin="2"/>
      <node ref="C4" pin="2"/>
      <node ref="C3" pin="2"/>
      <node ref="C2" pin="2"/>
      <node ref="C1" pin="2"/>
      <node ref="Q1" pin="2"/>
      <node ref="R4" pin="2"/>
      <node ref="R6" pin="2"/>
      <node ref="D23" pin="3"/>
      <node ref="D18" pin="3"/>
      <node ref="U1" pin="3"/>
      <node ref="USB1" pin="13"/>
      <node ref="U1" pin="28"/>
      <node ref="USB1" pin="12"/>
    </net>
    <net code="2" name="+5V">
      <node ref="C6" pin="1"/>
      <node ref="MX-E-3" pin="3"/>
      <node ref="C5" pin="1"/>
      <node ref="MX-E-2" pin="3"/>
      <node ref="C4" pin="1"/>
      <node ref="MX-E-1" pin="3"/>
      <node ref="MX21" pin="3"/>
      <node ref="MX22" pin="3"/>
      <node ref="MX24" pin="3"/>
      <node ref="F1" pin="1"/>
      <node ref="MX23" pin="3"/>
      <node ref="U1" pin="4"/>
      <node ref="R1" pin="1"/>
      <node ref="U1" pin="32"/>
      <node ref="U1" pin="31"/>
      <node ref="MX15" pin="3"/>
      <node ref="D9" pin="1"/>
      <node ref="MX2" pin="3"/>
      <node ref="MX8" pin="3"/>
      <node ref="MX16" pin="3"/>
      <node ref="MX9" pin="3"/>
      <node ref="MX19" pin="3"/>
      <node ref="D18" pin="1"/>
      <node ref="MX10" pin="3"/>
      <node ref="D23" pin="1"/>
      <node ref="MX17" pin="3"/>
      <node ref="D24" pin="1"/>
      <node ref="MX4" pin="3"/>
      <node ref="MX3" pin="3"/>
      <node ref="MX5" pin="3"/>
      <node ref="MX1" pin="3"/>
      <node ref="MX6" pin="3"/>
      <node ref="MX7" pin="3"/>
      <node ref="MX20" pin="3"/>
      <node ref="CR4" pin="1"/>
      <node ref="CR3" pin="1"/>
      <node ref="CR2" pin="1"/>
      <node ref="CR1" pin="1"/>
      <node ref="MX18" pin="3"/>
      <node ref="MX12" pin="3"/>
      <node ref="MX11" pin="3"/>
      <node ref="MX14" pin="3"/>
      <node ref="MX13" pin="3"/>
    </net>
    <net code="3" name="Net-(D18-Pad2)">
      <node ref="D23" pin="4"/>
      <node ref="D18" pin="2"/>
    </net>
    <net code="4" name="Net-(D23-Pad2)">
      <node ref="D24" pin="4"/>
      <node ref="D23" pin="2"/>
    </net>
    <net code="5" name="Net-(D24-Pad2)">
      <node ref="D24" pin="2"/>
    </net>
    <net code="6" name="Net-(D18-Pad4)">
      <node ref="D18" pin="4"/>
      <node ref="D9" pin="2"/>
    </net>
    <net code="7" name="RGBLED">
      <node ref="U1" pin="19"/>
      <node ref="D9" pin="4"/>
    </net>
    <net code="8" name="ROW1">
      <node ref="D6" pin="1"/>
      <node ref="D7" pin="1"/>
      <node ref="U1" pin="8"/>
      <node ref="D5" pin="1"/>
      <node ref="D8" pin="1"/>
    </net>
    <net code="9" name="Net-(D21-Pad2)">
      <node ref="D21" pin="2"/>
      <node ref="MX19" pin="2"/>
    </net>
    <net code="10" name="ROW0">
      <node ref="D1" pin="1"/>
      <node ref="D3" pin="1"/>
      <node ref="D4" pin="1"/>
      <node ref="D2" pin="1"/>
      <node ref="U1" pin="7"/>
    </net>
    <net code="11" name="LEDGND">
      <node ref="R12" pin="2"/>
      <node ref="R21" pin="2"/>
      <node ref="R13" pin="2"/>
      <node ref="R25" pin="2"/>
      <node ref="R22" pin="2"/>
      <node ref="R9" pin="2"/>
      <node ref="R10" pin="2"/>
      <node ref="R7" pin="2"/>
      <node ref="R8" pin="2"/>
      <node ref="Q1" pin="3"/>
      <node ref="R14" pin="2"/>
      <node ref="R11" pin="2"/>
      <node ref="R15" pin="2"/>
      <node ref="R24" pin="2"/>
      <node ref="R23" pin="2"/>
      <node ref="R17" pin="2"/>
      <node ref="R16" pin="2"/>
      <node ref="R20" pin="2"/>
      <node ref="R19" pin="2"/>
      <node ref="R18" pin="2"/>
      <node ref="R26" pin="2"/>
      <node ref="R30" pin="2"/>
      <node ref="R29" pin="2"/>
      <node ref="R31" pin="2"/>
      <node ref="R28" pin="2"/>
    </net>
    <net code="12" name="ROW4">
      <node ref="D21" pin="1"/>
      <node ref="D22" pin="1"/>
      <node ref="U1" pin="20"/>
      <node ref="D20" pin="1"/>
      <node ref="D19" pin="1"/>
    </net>
    <net code="13" name="ROW2">
      <node ref="D12" pin="1"/>
      <node ref="D11" pin="1"/>
      <node ref="D13" pin="1"/>
      <node ref="D10" pin="1"/>
      <node ref="U1" pin="23"/>
    </net>
    <net code="14" name="ROW3">
      <node ref="D16" pin="1"/>
      <node ref="D17" pin="1"/>
      <node ref="U1" pin="22"/>
      <node ref="D14" pin="1"/>
      <node ref="D15" pin="1"/>
    </net>
    <net code="15" name="Net-(MX22-Pad4)">
      <node ref="R29" pin="1"/>
      <node ref="MX22" pin="4"/>
    </net>
    <net code="16" name="Net-(D26-Pad2)">
      <node ref="MX22" pin="2"/>
      <node ref="D26" pin="2"/>
    </net>
    <net code="17" name="COL2">
      <node ref="MX11" pin="1"/>
      <node ref="MX23" pin="1"/>
      <node ref="U1" pin="17"/>
      <node ref="MX19" pin="1"/>
      <node ref="MX15" pin="1"/>
      <node ref="MX3" pin="1"/>
      <node ref="MX7" pin="1"/>
    </net>
    <net code="18" name="Net-(D27-Pad2)">
      <node ref="MX23" pin="2"/>
      <node ref="D27" pin="2"/>
    </net>
    <net code="19" name="Net-(MX23-Pad4)">
      <node ref="MX23" pin="4"/>
      <node ref="R30" pin="1"/>
    </net>
    <net code="20" name="Net-(D28-Pad2)">
      <node ref="MX24" pin="2"/>
      <node ref="D28" pin="2"/>
    </net>
    <net code="21" name="Net-(MX24-Pad4)">
      <node ref="MX24" pin="4"/>
      <node ref="R31" pin="1"/>
    </net>
    <net code="22" name="Net-(D25-Pad2)">
      <node ref="D25" pin="2"/>
      <node ref="MX21" pin="2"/>
    </net>
    <net code="23" name="Net-(MX21-Pad4)">
      <node ref="MX21" pin="4"/>
      <node ref="R28" pin="1"/>
    </net>
    <net code="24" name="COL1">
      <node ref="U1" pin="25"/>
      <node ref="MX2" pin="1"/>
      <node ref="MX10" pin="1"/>
      <node ref="MX14" pin="1"/>
      <node ref="MX22" pin="1"/>
      <node ref="MX6" pin="1"/>
      <node ref="MX18" pin="1"/>
    </net>
    <net code="25" name="ROWFN">
      <node ref="D25" pin="1"/>
      <node ref="U1" pin="9"/>
      <node ref="D27" pin="1"/>
      <node ref="D28" pin="1"/>
      <node ref="D26" pin="1"/>
    </net>
    <net code="26" name="Net-(C1-Pad1)">
      <node ref="C1" pin="1"/>
      <node ref="U1" pin="1"/>
      <node ref="Y1" pin="1"/>
    </net>
    <net code="27" name="Net-(U1-Pad10)">
      <node ref="U1" pin="10"/>
    </net>
    <net code="28" name="Net-(U1-Pad11)">
      <node ref="U1" pin="11"/>
    </net>
    <net code="29" name="Net-(U1-Pad12)">
      <node ref="U1" pin="12"/>
    </net>
    <net code="30" name="Net-(U1-Pad14)">
      <node ref="U1" pin="14"/>
    </net>
    <net code="31" name="Net-(U1-Pad15)">
      <node ref="U1" pin="15"/>
    </net>
    <net code="32" name="Net-(U1-Pad18)">
      <node ref="U1" pin="18"/>
    </net>
    <net code="33" name="Net-(C2-Pad1)">
      <node ref="U1" pin="2"/>
      <node ref="C2" pin="1"/>
      <node ref="Y1" pin="3"/>
    </net>
    <net code="34" name="COL0">
      <node ref="MX5" pin="1"/>
      <node ref="MX9" pin="1"/>
      <node ref="MX-E-3" pin="1"/>
      <node ref="MX13" pin="1"/>
      <node ref="U1" pin="26"/>
      <node ref="MX17" pin="1"/>
      <node ref="MX1" pin="1"/>
      <node ref="MX21" pin="1"/>
    </net>
    <net code="35" name="Net-(D22-Pad2)">
      <node ref="MX-E-2" pin="2"/>
      <node ref="MX20" pin="2"/>
      <node ref="D22" pin="2"/>
    </net>
    <net code="36" name="Net-(MX-E-2-Pad4)">
      <node ref="MX-E-2" pin="4"/>
      <node ref="R26" pin="1"/>
      <node ref="MX20" pin="4"/>
    </net>
    <net code="37" name="COL3">
      <node ref="MX20" pin="1"/>
      <node ref="MX8" pin="1"/>
      <node ref="U1" pin="16"/>
      <node ref="MX-E-1" pin="1"/>
      <node ref="MX24" pin="1"/>
      <node ref="MX16" pin="1"/>
      <node ref="MX-E-2" pin="1"/>
      <node ref="MX4" pin="1"/>
      <node ref="MX12" pin="1"/>
    </net>
    <net code="38" name="Net-(D13-Pad2)">
      <node ref="D13" pin="2"/>
      <node ref="MX12" pin="2"/>
      <node ref="MX-E-1" pin="2"/>
    </net>
    <net code="39" name="Net-(MX-E-1-Pad4)">
      <node ref="MX12" pin="4"/>
      <node ref="MX-E-1" pin="4"/>
      <node ref="R18" pin="1"/>
    </net>
    <net code="40" name="D+">
      <node ref="R3" pin="2"/>
      <node ref="U1" pin="29"/>
    </net>
    <net code="41" name="D-">
      <node ref="U1" pin="30"/>
      <node ref="R2" pin="1"/>
    </net>
    <net code="42" name="Net-(U1-Pad5)">
      <node ref="U1" pin="5"/>
    </net>
    <net code="43" name="Net-(U1-Pad6)">
      <node ref="U1" pin="6"/>
    </net>
    <net code="44" name="Net-(MX19-Pad4)">
      <node ref="R25" pin="1"/>
      <node ref="MX19" pin="4"/>
    </net>
    <net code="45" name="Net-(Q1-Pad1)">
      <node ref="R27" pin="1"/>
      <node ref="Q1" pin="1"/>
    </net>
    <net code="46" name="Net-(R27-Pad2)">
      <node ref="U1" pin="21"/>
      <node ref="R27" pin="2"/>
    </net>
    <net code="47" name="Net-(USB1-Pad9)">
      <node ref="USB1" pin="9"/>
    </net>
    <net code="48" name="Net-(USB1-Pad3)">
      <node ref="USB1" pin="3"/>
    </net>
    <net code="49" name="Net-(R4-Pad1)">
      <node ref="R4" pin="1"/>
      <node ref="USB1" pin="10"/>
    </net>
    <net code="50" name="Net-(R6-Pad1)">
      <node ref="USB1" pin="4"/>
      <node ref="R6" pin="1"/>
    </net>
    <net code="51" name="Net-(R3-Pad1)">
      <node ref="USB1" pin="8"/>
      <node ref="R3" pin="1"/>
      <node ref="U2" pin="2"/>
      <node ref="USB1" pin="6"/>
    </net>
    <net code="52" name="Net-(R2-Pad2)">
      <node ref="USB1" pin="7"/>
      <node ref="USB1" pin="5"/>
      <node ref="R2" pin="2"/>
      <node ref="U2" pin="3"/>
    </net>
    <net code="53" name="VCC">
      <node ref="USB1" pin="2"/>
      <node ref="F1" pin="2"/>
      <node ref="U2" pin="4"/>
      <node ref="USB1" pin="11"/>
    </net>
    <net code="54" name="Net-(R5-Pad2)">
      <node ref="R5" pin="2"/>
      <node ref="U1" pin="13"/>
    </net>
    <net code="55" name="Net-(C3-Pad1)">
      <node ref="C3" pin="1"/>
      <node ref="U1" pin="27"/>
    </net>
    <net code="56" name="Net-(R1-Pad2)">
      <node ref="SW1" pin="2"/>
      <node ref="U1" pin="24"/>
      <node ref="R1" pin="2"/>
    </net>
    <net code="57" name="Net-(MX13-Pad4)">
      <node ref="MX13" pin="4"/>
      <node ref="R19" pin="1"/>
    </net>
    <net code="58" name="Net-(D14-Pad2)">
      <node ref="MX13" pin="2"/>
      <node ref="D14" pin="2"/>
    </net>
    <net code="59" name="Net-(D15-Pad2)">
      <node ref="MX14" pin="2"/>
      <node ref="D15" pin="2"/>
    </net>
    <net code="60" name="Net-(MX14-Pad4)">
      <node ref="MX14" pin="4"/>
      <node ref="R20" pin="1"/>
    </net>
    <net code="61" name="Net-(D11-Pad2)">
      <node ref="MX10" pin="2"/>
      <node ref="D11" pin="2"/>
    </net>
    <net code="62" name="Net-(MX10-Pad4)">
      <node ref="R16" pin="1"/>
      <node ref="MX10" pin="4"/>
    </net>
    <net code="63" name="Net-(D12-Pad2)">
      <node ref="MX11" pin="2"/>
      <node ref="D12" pin="2"/>
    </net>
    <net code="64" name="Net-(MX11-Pad4)">
      <node ref="MX11" pin="4"/>
      <node ref="R17" pin="1"/>
    </net>
    <net code="65" name="Net-(D19-Pad2)">
      <node ref="MX-E-3" pin="2"/>
      <node ref="D19" pin="2"/>
      <node ref="MX17" pin="2"/>
    </net>
    <net code="66" name="Net-(MX-E-3-Pad4)">
      <node ref="R23" pin="1"/>
      <node ref="MX-E-3" pin="4"/>
      <node ref="MX17" pin="4"/>
    </net>
    <net code="67" name="Net-(MX18-Pad4)">
      <node ref="R24" pin="1"/>
      <node ref="MX18" pin="4"/>
    </net>
    <net code="68" name="Net-(D20-Pad2)">
      <node ref="D20" pin="2"/>
      <node ref="MX18" pin="2"/>
    </net>
    <net code="69" name="Net-(D16-Pad2)">
      <node ref="MX15" pin="2"/>
      <node ref="D16" pin="2"/>
    </net>
    <net code="70" name="Net-(MX15-Pad4)">
      <node ref="R21" pin="1"/>
      <node ref="MX15" pin="4"/>
    </net>
    <net code="71" name="Net-(D17-Pad2)">
      <node ref="MX16" pin="2"/>
      <node ref="D17" pin="2"/>
    </net>
    <net code="72" name="Net-(MX16-Pad4)">
      <node ref="MX16" pin="4"/>
      <node ref="R22" pin="1"/>
    </net>
    <net code="73" name="Net-(D3-Pad2)">
      <node ref="D3" pin="2"/>
      <node ref="MX3" pin="2"/>
    </net>
    <net code="74" name="Net-(MX3-Pad4)">
      <node ref="R9" pin="1"/>
      <node ref="MX3" pin="4"/>
    </net>
    <net code="75" name="Net-(D4-Pad2)">
      <node ref="D4" pin="2"/>
      <node ref="MX4" pin="2"/>
    </net>
    <net code="76" name="Net-(MX4-Pad4)">
      <node ref="MX4" pin="4"/>
      <node ref="R10" pin="1"/>
    </net>
    <net code="77" name="Net-(MX1-Pad4)">
      <node ref="MX1" pin="4"/>
      <node ref="R7" pin="1"/>
    </net>
    <net code="78" name="Net-(D1-Pad2)">
      <node ref="D1" pin="2"/>
      <node ref="MX1" pin="2"/>
    </net>
    <net code="79" name="Net-(D2-Pad2)">
      <node ref="MX2" pin="2"/>
      <node ref="D2" pin="2"/>
    </net>
    <net code="80" name="Net-(MX2-Pad4)">
      <node ref="MX2" pin="4"/>
      <node ref="R8" pin="1"/>
    </net>
    <net code="81" name="Net-(D7-Pad2)">
      <node ref="D7" pin="2"/>
      <node ref="MX7" pin="2"/>
    </net>
    <net code="82" name="Net-(D8-Pad2)">
      <node ref="MX8" pin="2"/>
      <node ref="D8" pin="2"/>
    </net>
    <net code="83" name="Net-(MX8-Pad4)">
      <node ref="R14" pin="1"/>
      <node ref="MX8" pin="4"/>
    </net>
    <net code="84" name="Net-(MX7-Pad4)">
      <node ref="R13" pin="1"/>
      <node ref="MX7" pin="4"/>
    </net>
    <net code="85" name="Net-(D10-Pad2)">
      <node ref="MX9" pin="2"/>
      <node ref="D10" pin="2"/>
    </net>
    <net code="86" name="Net-(MX9-Pad4)">
      <node ref="R15" pin="1"/>
      <node ref="MX9" pin="4"/>
    </net>
    <net code="87" name="Net-(D5-Pad2)">
      <node ref="MX5" pin="2"/>
      <node ref="D5" pin="2"/>
    </net>
    <net code="88" name="Net-(MX5-Pad4)">
      <node ref="MX5" pin="4"/>
      <node ref="R11" pin="1"/>
    </net>
    <net code="89" name="Net-(MX6-Pad4)">
      <node ref="MX6" pin="4"/>
      <node ref="R12" pin="1"/>
    </net>
    <net code="90" name="Net-(D6-Pad2)">
      <node ref="D6" pin="2"/>
      <node ref="MX6" pin="2"/>
    </net>
  </nets>
</export>
