{
  "name": "IF875 Rev. 1",
  "vendorId": "0x4D4C",
  "productId": "0x0875",
  "lighting": {
    "extends":"qmk_rgblight",
    "underglowEffects": [
      ["None", 0],
      ["SOLID ALL", 1],
      ["SOLID ESC", 1],
      ["SOLID F13", 1],
      ["SOLID CLUSTER", 1],
      ["BREATHING", 1],
      ["BREATHING ESC", 1],
      ["BREATHING F13", 1],
      ["BREATHING CLUSTER", 1],
      ["BAND VAL ALL", 1],
      ["BAND VAL ESC", 1],
      ["BAND VAL F13", 1],
      ["BAND VAL CLUSTER", 1],
      ["CYCLE UP DOWN ALL", 1],
      ["CYCLE UP DOWN ESC", 1],
      ["CYCLE UP DOWN F13", 1],
      ["CYCLE UP DOWN CLUSTER", 1],
      ["CYCLE OUT IN DUAL ALL", 1],
      ["CYCLE OUT IN DUAL ESC", 1],
      ["CYCLE OUT IN DUAL F13", 1],
      ["CYCLE OUT IN DUAL CLUSTER", 1],
      ["MOVING CHEVRON ALL", 1],
      ["MOVING CHEVRON ESC", 1],
      ["MOVING CHEVRON F13", 1],
      ["MOVING CHEVRON CLUSTER", 1],
      ["CYCLE PINWHEEL ALL", 1],
      ["CYCLE_PINWHEEL ESC", 1],
      ["CYCLE_PINWHEEL F13", 1],
      ["CYCLE_PINWHEEL CLUSTER", 1],
      ["RAINBOW BEACON ALL", 1],
      ["RAINBOW BEACON ESC", 1],
      ["RAINBOW BEACON F13", 1],
      ["RAINBOW BEACON CLUSTER", 1],
      ["RAINDROPS ALL", 1],
      ["RAINDROPS ESC", 1],
      ["RAINDROPS F13", 1],
      ["RAINDROPS CLUSTER", 1],
      ["PIXEL FRACTAL", 1],
      ["PIXEL RAIN", 1]
    ],
    "supportedLightingValues": [
      128,
      129,
      131
    ]
  },
  "matrix": {"rows": 6, "cols": 17},
  "layouts": {
    "labels": [
      "F13",
     "Split Backspace",
      [
      "Enter",
      "ANSI Enter",
      "ISO Enter"
      ],
      "Left Shift ISO",
      [
      "Right Shift",
      "ANSI Right Shift",
      "1u - 1.75u",
      "1.75u - 1u"
      ],
      [
       "Bottom Row",
       "Space 6.25U",
       "Space 7U"
      ]
    ],
    "keymap": [
      [
        {
          "x": 2.5,
          "c": "#777777"
        },
        "0,0\n\n\n0,0",
        {
          "x": 1,
          "c": "#cccccc"
        },
        "0,2\n\n\n0,0",
        "0,3\n\n\n0,0",
        "0,4\n\n\n0,0",
        "0,5\n\n\n0,0",
        {
          "x": 0.5,
          "c": "#aaaaaa"
        },
        "0,6\n\n\n0,0",
        "0,7\n\n\n0,0",
        "0,8\n\n\n0,0",
        "0,9\n\n\n0,0",
        {
          "x": 0.5,
          "c": "#cccccc"
        },
        "0,10\n\n\n0,0",
        "0,11\n\n\n0,0",
        "0,12\n\n\n0,0",
        "0,13\n\n\n0,0",
        {
          "x": 0.25,
          "c": "#aaaaaa"
        },
        "0,14",
        "0,15",
        "0,16"
      ],
      [
        {
          "y": 0.25,
          "x": 2.5,
          "c": "#cccccc"
        },
        "1,0",
        "1,1",
        "1,2",
        "1,3",
        "1,4",
        "1,5",
        "1,6",
        "1,7",
        "1,8",
        "1,9",
        "1,10",
        "1,11",
        "1,12",
        {
          "c": "#aaaaaa",
          "w": 2
        },
        "1,13\n\n\n1,0",
        {
          "x": 0.25
        },
        "1,14",
        "1,15",
        "1,16",
        {
          "x": 0.5
        },
        "1,13\n\n\n1,1",
        "2,13\n\n\n1,1"
      ],
      [
        {
          "x": 2.5,
          "w": 1.5
        },
        "2,0",
        {
          "c": "#cccccc"
        },
        "2,1",
        "2,2",
        "2,3",
        "2,4",
        "2,5",
        "2,6",
        "2,7",
        "2,8",
        "2,9",
        "2,10",
        "2,11",
        "2,12",
        {
          "w": 1.5
        },
        "3,12\n\n\n2,0",
        {
          "x": 0.25,
          "c": "#aaaaaa"
        },
        "2,14",
        "2,15",
        "2,16",
        {
          "x": 1.25,
          "c": "#777777",
          "w": 1.25,
          "h": 2,
          "w2": 1.5,
          "h2": 1,
          "x2": -0.25
        },
        "3,13\n\n\n2,1"
      ],
      [
        {
          "x": 2.5,
          "c": "#aaaaaa",
          "w": 1.75
        },
        "3,0",
        {
          "c": "#cccccc"
        },
        "3,1",
        "3,2",
        "3,3",
        "3,4",
        "3,5",
        "3,6",
        "3,7",
        "3,8",
        "3,9",
        "3,10",
        "3,11",
        {
          "c": "#777777",
          "w": 2.25
        },
        "3,13\n\n\n2,0",
        {
          "x": 3.5,
          "c": "#cccccc"
        },
        "3,12\n\n\n2,1"
      ],
      [
        {
          "c": "#aaaaaa",
          "w": 1.25
        },
        "4,0\n\n\n3,1",
        "4,1\n\n\n3,1",
        {
          "x": 0.25,
          "w": 2.25
        },
        "4,0\n\n\n3,0",
        {
          "c": "#cccccc"
        },
        "4,2",
        "4,3",
        "4,4",
        "4,5",
        "4,6",
        "4,7",
        "4,8",
        "4,9",
        "4,10",
        "4,11",
        {
          "c": "#aaaaaa",
          "w": 2.75
        },
        "4,13\n\n\n4,0",
        {
          "x": 1.25,
          "c": "#777777"
        },
        "4,15",
        {
          "x": 1.25,
          "c": "#aaaaaa"
        },
        "4,12\n\n\n4,1",
        {
          "w": 1.75
        },
        "4,13\n\n\n4,1",
        {
          "x": 0.25,
          "w": 1.75
        },
        "4,12\n\n\n4,2",
        "4,13\n\n\n4,2"
      ],
      [
        {
          "x": 2.5,
          "w": 1.25
        },
        "5,0\n\n\n5,0",
        {
          "w": 1.25
        },
        "5,1\n\n\n5,0",
        {
          "w": 1.25
        },
        "5,2\n\n\n5,0",
        {
          "c": "#cccccc",
          "w": 6.25
        },
        "5,6\n\n\n5,0",
        {
          "c": "#aaaaaa",
          "w": 1.25
        },
        "5,10\n\n\n5,0",
        {
          "w": 1.25
        },
        "5,11\n\n\n5,0",
        {
          "w": 1.25
        },
        "5,12\n\n\n5,0",
        {
          "w": 1.25
        },
        "5,13\n\n\n5,0",
        {
          "x": 0.25,
          "c": "#777777"
        },
        "5,14",
        "5,15",
        "5,16"
      ],
      [
        {
          "y": 0.25,
          "x": 2.5
        },
        "0,0\n\n\n0,1",
        {
          "x": 0.25,
          "c": "#cccccc"
        },
        "0,1\n\n\n0,1",
        "0,2\n\n\n0,1",
        "0,3\n\n\n0,1",
        "0,4\n\n\n0,1",
        {
          "x": 0.25,
          "c": "#aaaaaa"
        },
        "0,5\n\n\n0,1",
        "0,6\n\n\n0,1",
        "0,7\n\n\n0,1",
        "0,8\n\n\n0,1",
        {
          "x": 0.25,
          "c": "#cccccc"
        },
        "0,9\n\n\n0,1",
        "0,10\n\n\n0,1",
        "0,11\n\n\n0,1",
        "0,12\n\n\n0,1",
        {
          "x": 0.25
        },
        "0,13\n\n\n0,1"
      ],
      [
        {
          "y": 0.25,
          "x": 2.5,
          "c": "#aaaaaa",
          "w": 1.5
        },
        "5,0\n\n\n5,1",
        "5,1\n\n\n5,1",
        {
          "w": 1.5
        },
        "5,2\n\n\n5,1",
        {
          "c": "#cccccc",
          "w": 7
        },
        "5,6\n\n\n5,1",
        {
          "c": "#aaaaaa",
          "w": 1.5
        },
        "5,10\n\n\n5,1",
        "5,12\n\n\n5,1",
        {
          "w": 1.5
        },
        "5,13\n\n\n5,1"
      ]
    ]
  }
}