{
  "name": "65",
  "vendorId": "0x7764",
  "productId": "0x3635",
  "lighting": {
    "extends":"qmk_rgblight",
    "underglowEffects": [
      ["None", 0],
      ["SOLID_ALL", 1],
      ["ALPHAS_MOD", 1],
      ["GRADIENT_UP_DOWN", 1],
      ["GRADIENT_LEFT_RIGHT", 1],
      ["BREATHING", 1],
      ["BAND_SAT", 1],
      ["BAND_VAL", 1],
      ["PINWHEEL_SAT", 1],
      ["PINWHEEL_VAL", 1],
      ["SPIRAL_SAT", 1],
      ["SPIRAL_VAL", 1],
      ["CYCLE_ALL", 1],
      ["CYCLE_LEFT_RIGHT", 1],
      ["CYCLE_UP_DOWN", 1],
      ["MOVING_CHEVRON", 1],
      ["CYCLE_OUT_IN", 1],
      ["CYCLE_OUT_IN_DUAL", 1],
      ["CYCLE_PINWHEEL", 1],
      ["CYCLE_SPIRAL", 1],
      ["DUAL_BEACON", 1],
      ["RAINBOW_BEACON", 1],
      ["RAINBOW_PINWHEELS", 1],
      ["RAINDROPS", 1],
      ["JELLYBEAN_RAINDROPS", 1],
      ["HUE_BREATHING", 1],
      ["HUE_PENDULUM", 1],
      ["HUE_WAVE", 1],
      ["PIXEL_RAIN", 1],
      ["PIXEL_FLOW", 1],
      ["PIXEL_FRACTAL", 1],
      ["TYPING_HEATMAP", 1],
      ["DIGITAL_RAIN", 1],
      ["REACTIVE_SIMPLE", 1],
      ["REACTIVE", 1],
      ["REACTIVE_WIDE", 1],
      ["REACTIVE_MULTIWIDE", 1],
      ["REACTIVE_CROSS", 1],
      ["REACTIVE_MULTICROSS", 1],
      ["REACTIVE_NEXUS", 1],
      ["REACTIVE_MULTINEXUS", 1],
      ["SPLASH", 1],
      ["MULTISPLASH", 1],
      ["SOLID_SPLASH", 1],
      ["SOLID_MULTISPLASH", 1]
    ],
    "supportedLightingValues": [
      128,
      129,
      131
    ]
  },
  "matrix": { "rows": 5, "cols": 15 },
  "layouts": {
    "keymap":[
[
    "0,0",
    "0,1",
    "0,2",
    "0,3",
    "0,4",
    "0,5",
    "0,6",
    "0,7",
    "0,8",
    "0,9",
    "0,10",
    "0,11",
    "0,12",
    {
      "w": 2
    },
    "0,13",
    "0,14"
  ],
  [
    {
      "w": 1.5
    },
    "1,0",
    "1,1",
    "1,2",
    "1,3",
    "1,4",
    "1,5",
    "1,6",
    "1,7",
    "1,8",
    "1,9",
    "1,10",
    "1,11",
    "1,12",
    {
      "w": 1.5
    },
    "1,13",
    "1,14"
  ],
  [
    {
      "w": 1.75
    },
    "2,0",
    "2,1",
    "2,2",
    "2,3",
    "2,4",
    "2,5",
    "2,6",
    "2,7",
    "2,8",
    "2,9",
    "2,10",
    "2,11",
    {
      "w": 2.25
    },
    "2,13",
    "2,14"
  ],
  [
    {
      "w": 2.25
    },
    "3,0",
    "3,1",
    "3,2",
    "3,3",
    "3,4",
    "3,5",
    "3,6",
    "3,7",
    "3,8",
    "3,9",
    "3,10",
    {
      "w": 1.75
    },
    "3,11",
    "3,13",
    "3,14"
  ],
  [
    {
      "w": 1.25
    },
    "4,0",
    {
      "w": 1.25
    },
    "4,1",
    {
      "w": 1.25
    },
    "4,2",
    {
      "w": 6.25
    },
    "4,5",
    {
      "w": 1.25
    },
    "4,9",
    {
      "w": 1.25
    },
    "4,10",
    {
      "x": 0.5
    },
    "4,11",
    "4,13",
    "4,14"
  ]
]
  }
}