<?xml version="1.0" encoding="UTF-8"?>
<export version="E">
  <design>
    <source>D:\Projects\mikoto\mikoto.kicad_sch</source>
    <date>11/9/2021 2:47:30 pm</date>
    <tool>Eeschema (5.99.0-12063-ga3441a969d)</tool>
    <sheet number="1" name="/" tstamps="/">
      <title_block>
        <title/>
        <company/>
        <rev/>
        <date/>
        <source>mikoto.kicad_sch</source>
        <comment number="1" value=""/>
        <comment number="2" value=""/>
        <comment number="3" value=""/>
        <comment number="4" value=""/>
        <comment number="5" value=""/>
        <comment number="6" value=""/>
        <comment number="7" value=""/>
        <comment number="8" value=""/>
        <comment number="9" value=""/>
      </title_block>
    </sheet>
  </design>
  <components>
    <comp ref="C1">
      <value>4.7uF</value>
      <footprint>footprints:Capacitor_0402_1005M-nosilk</footprint>
      <fields>
        <f name="Digikey">1276-1784-1-ND</f>
        <f name="JLC Part">C23733</f>
        <f name="LCSC Part">C368809</f>
        <f name="Manufacturer Part">CL05A475KP5NRNC</f>
      </fields>
      <libsource lib="Device" part="C_Small" description="Unpolarized capacitor, small symbol"/>
      <property name="LCSC Part" value="C368809"/>
      <property name="Digikey" value="1276-1784-1-ND"/>
      <property name="Manufacturer Part" value="CL05A475KP5NRNC"/>
      <property name="JLC Part" value="C23733"/>
      <property name="Sheetname" value=""/>
      <property name="Sheetfile" value="mikoto.kicad_sch"/>
      <sheetpath names="/" tstamps="/"/>
      <tstamps>00000000-0000-0000-0000-00005feb73ce</tstamps>
    </comp>
    <comp ref="C2">
      <value>100nF</value>
      <footprint>footprints:Capacitor_0402_1005M-nosilk</footprint>
      <fields>
        <f name="Digikey">1276-6720-1-ND</f>
        <f name="JLC Part">C1525</f>
        <f name="LCSC Part">C1525</f>
        <f name="Manufacturer Part">CL05B104KA5NNNC</f>
      </fields>
      <libsource lib="Device" part="C_Small" description="Unpolarized capacitor, small symbol"/>
      <property name="LCSC Part" value="C1525"/>
      <property name="Digikey" value="1276-6720-1-ND"/>
      <property name="Manufacturer Part" value="CL05B104KA5NNNC"/>
      <property name="JLC Part" value="C1525"/>
      <property name="Sheetname" value=""/>
      <property name="Sheetfile" value="mikoto.kicad_sch"/>
      <sheetpath names="/" tstamps="/"/>
      <tstamps>00000000-0000-0000-0000-00005feb709e</tstamps>
    </comp>
    <comp ref="C3">
      <value>100nF</value>
      <footprint>footprints:Capacitor_0402_1005M-nosilk</footprint>
      <fields>
        <f name="Digikey">1276-6720-1-ND</f>
        <f name="JLC Part">C1525</f>
        <f name="LCSC Part">C1525</f>
        <f name="Manufacturer Part">CL05B104KA5NNNC</f>
      </fields>
      <libsource lib="Device" part="C_Small" description="Unpolarized capacitor, small symbol"/>
      <property name="LCSC Part" value="C1525"/>
      <property name="Digikey" value="1276-6720-1-ND"/>
      <property name="Manufacturer Part" value="CL05B104KA5NNNC"/>
      <property name="JLC Part" value="C1525"/>
      <property name="Sheetname" value=""/>
      <property name="Sheetfile" value="mikoto.kicad_sch"/>
      <sheetpath names="/" tstamps="/"/>
      <tstamps>00000000-0000-0000-0000-00005feb6d53</tstamps>
    </comp>
    <comp ref="C4">
      <value>100nF</value>
      <footprint>footprints:Capacitor_0402_1005M-nosilk</footprint>
      <fields>
        <f name="Digikey">1276-6720-1-ND</f>
        <f name="JLC Part">C1525</f>
        <f name="LCSC Part">C1525</f>
        <f name="Manufacturer Part">CL05B104KA5NNNC</f>
      </fields>
      <libsource lib="Device" part="C_Small" description="Unpolarized capacitor, small symbol"/>
      <property name="LCSC Part" value="C1525"/>
      <property name="Digikey" value="1276-6720-1-ND"/>
      <property name="Manufacturer Part" value="CL05B104KA5NNNC"/>
      <property name="JLC Part" value="C1525"/>
      <property name="Sheetname" value=""/>
      <property name="Sheetfile" value="mikoto.kicad_sch"/>
      <sheetpath names="/" tstamps="/"/>
      <tstamps>00000000-0000-0000-0000-00005feb6b2d</tstamps>
    </comp>
    <comp ref="C5">
      <value>1pF</value>
      <footprint>footprints:Capacitor_0402_1005M-nosilk</footprint>
      <fields>
        <f name="Digikey">1276-1595-1-ND</f>
        <f name="JLC Part">C1550</f>
        <f name="LCSC Part">C371977</f>
        <f name="Manufacturer Part">CL05C010CB5NNNC</f>
      </fields>
      <libsource lib="Device" part="C_Small" description="Unpolarized capacitor, small symbol"/>
      <property name="LCSC Part" value="C371977"/>
      <property name="Digikey" value="1276-1595-1-ND"/>
      <property name="Manufacturer Part" value="CL05C010CB5NNNC"/>
      <property name="JLC Part" value="C1550"/>
      <property name="Sheetname" value=""/>
      <property name="Sheetfile" value="mikoto.kicad_sch"/>
      <sheetpath names="/" tstamps="/"/>
      <tstamps>00000000-0000-0000-0000-00005fec666a</tstamps>
    </comp>
    <comp ref="C6">
      <value>15pF</value>
      <footprint>footprints:Capacitor_0402_1005M-nosilk</footprint>
      <fields>
        <f name="JLC Part">C1548</f>
        <f name="LCSC Part">C307341</f>
        <f name="Manufacturer Part">CL05C150JB51PNC</f>
      </fields>
      <libsource lib="Device" part="C_Small" description="Unpolarized capacitor, small symbol"/>
      <property name="LCSC Part" value="C307341"/>
      <property name="Manufacturer Part" value="CL05C150JB51PNC"/>
      <property name="JLC Part" value="C1548"/>
      <property name="Sheetname" value=""/>
      <property name="Sheetfile" value="mikoto.kicad_sch"/>
      <sheetpath names="/" tstamps="/"/>
      <tstamps>00000000-0000-0000-0000-00005feba17a</tstamps>
    </comp>
    <comp ref="C7">
      <value>15pF</value>
      <footprint>footprints:Capacitor_0402_1005M-nosilk</footprint>
      <fields>
        <f name="JLC Part">C1548</f>
        <f name="LCSC Part">C307341</f>
        <f name="Manufacturer Part">CL05C150JB51PNC</f>
      </fields>
      <libsource lib="Device" part="C_Small" description="Unpolarized capacitor, small symbol"/>
      <property name="LCSC Part" value="C307341"/>
      <property name="Manufacturer Part" value="CL05C150JB51PNC"/>
      <property name="JLC Part" value="C1548"/>
      <property name="Sheetname" value=""/>
      <property name="Sheetfile" value="mikoto.kicad_sch"/>
      <sheetpath names="/" tstamps="/"/>
      <tstamps>00000000-0000-0000-0000-00005febaad2</tstamps>
    </comp>
    <comp ref="C8">
      <value>1uF</value>
      <footprint>footprints:Capacitor_0402_1005M-nosilk</footprint>
      <fields>
        <f name="Digikey">1276-1067-1-ND</f>
        <f name="JLC Part">C52923</f>
        <f name="LCSC Part">C52923</f>
        <f name="Manufacturer Part">CL05A105KO5NNNC</f>
      </fields>
      <libsource lib="Device" part="C_Small" description="Unpolarized capacitor, small symbol"/>
      <property name="LCSC Part" value="C52923"/>
      <property name="Digikey" value="1276-1067-1-ND"/>
      <property name="Manufacturer Part" value="CL05A105KO5NNNC"/>
      <property name="JLC Part" value="C52923"/>
      <property name="Sheetname" value=""/>
      <property name="Sheetfile" value="mikoto.kicad_sch"/>
      <sheetpath names="/" tstamps="/"/>
      <tstamps>00000000-0000-0000-0000-00005feb5801</tstamps>
    </comp>
    <comp ref="C9">
      <value>1pF</value>
      <footprint>footprints:Capacitor_0402_1005M-nosilk</footprint>
      <fields>
        <f name="Digikey">1276-1595-1-ND</f>
        <f name="JLC Part">C1550</f>
        <f name="LCSC Part">C371977</f>
        <f name="Manufacturer Part">CL05C010CB5NNNC</f>
      </fields>
      <libsource lib="Device" part="C_Small" description="Unpolarized capacitor, small symbol"/>
      <property name="LCSC Part" value="C371977"/>
      <property name="Digikey" value="1276-1595-1-ND"/>
      <property name="Manufacturer Part" value="CL05C010CB5NNNC"/>
      <property name="JLC Part" value="C1550"/>
      <property name="Sheetname" value=""/>
      <property name="Sheetfile" value="mikoto.kicad_sch"/>
      <sheetpath names="/" tstamps="/"/>
      <tstamps>00000000-0000-0000-0000-00005fec5a1f</tstamps>
    </comp>
    <comp ref="C10">
      <value>100nF</value>
      <footprint>footprints:Capacitor_0402_1005M-nosilk</footprint>
      <fields>
        <f name="Digikey">1276-6720-1-ND</f>
        <f name="JLC Part">C1525</f>
        <f name="LCSC Part">C1525</f>
        <f name="Manufacturer Part">CL05B104KA5NNNC</f>
      </fields>
      <libsource lib="Device" part="C_Small" description="Unpolarized capacitor, small symbol"/>
      <property name="LCSC Part" value="C1525"/>
      <property name="Digikey" value="1276-6720-1-ND"/>
      <property name="Manufacturer Part" value="CL05B104KA5NNNC"/>
      <property name="JLC Part" value="C1525"/>
      <property name="Sheetname" value=""/>
      <property name="Sheetfile" value="mikoto.kicad_sch"/>
      <sheetpath names="/" tstamps="/"/>
      <tstamps>00000000-0000-0000-0000-00005feb2847</tstamps>
    </comp>
    <comp ref="C11">
      <value>100pF</value>
      <footprint>footprints:Capacitor_0402_1005M-nosilk</footprint>
      <fields>
        <f name="Digikey">478-1082-1-ND</f>
        <f name="JLC Part">C1546</f>
        <f name="LCSC Part">C26409</f>
        <f name="Manufacturer Part">CL05C101JB5NNNC</f>
      </fields>
      <libsource lib="Device" part="C_Small" description="Unpolarized capacitor, small symbol"/>
      <property name="LCSC Part" value="C26409"/>
      <property name="Digikey" value="478-1082-1-ND"/>
      <property name="Manufacturer Part" value="CL05C101JB5NNNC"/>
      <property name="JLC Part" value="C1546"/>
      <property name="Sheetname" value=""/>
      <property name="Sheetfile" value="mikoto.kicad_sch"/>
      <sheetpath names="/" tstamps="/"/>
      <tstamps>00000000-0000-0000-0000-00005feb4397</tstamps>
    </comp>
    <comp ref="C12">
      <value>1nF</value>
      <footprint>footprints:Capacitor_0402_1005M-nosilk</footprint>
      <fields>
        <f name="Digikey">1276-1032-1-ND</f>
        <f name="JLC Part">C1523</f>
        <f name="LCSC Part">C14442</f>
        <f name="Manufacturer Part">CL05B102KB5NNNC</f>
      </fields>
      <libsource lib="Device" part="C_Small" description="Unpolarized capacitor, small symbol"/>
      <property name="LCSC Part" value="C14442"/>
      <property name="Digikey" value="1276-1032-1-ND"/>
      <property name="Manufacturer Part" value="CL05B102KB5NNNC"/>
      <property name="JLC Part" value="C1523"/>
      <property name="Sheetname" value=""/>
      <property name="Sheetfile" value="mikoto.kicad_sch"/>
      <sheetpath names="/" tstamps="/"/>
      <tstamps>00000000-0000-0000-0000-00005feb4731</tstamps>
    </comp>
    <comp ref="C13">
      <value>4.7uF</value>
      <footprint>footprints:Capacitor_0402_1005M-nosilk</footprint>
      <fields>
        <f name="Digikey">1276-1784-1-ND</f>
        <f name="JLC Part">C23733</f>
        <f name="LCSC Part">C368809</f>
        <f name="Manufacturer Part">CL05A475KP5NRNC</f>
      </fields>
      <libsource lib="Device" part="C_Small" description="Unpolarized capacitor, small symbol"/>
      <property name="LCSC Part" value="C368809"/>
      <property name="Digikey" value="1276-1784-1-ND"/>
      <property name="Manufacturer Part" value="CL05A475KP5NRNC"/>
      <property name="JLC Part" value="C23733"/>
      <property name="Sheetname" value=""/>
      <property name="Sheetfile" value="mikoto.kicad_sch"/>
      <sheetpath names="/" tstamps="/"/>
      <tstamps>00000000-0000-0000-0000-00005fefe0fe</tstamps>
    </comp>
    <comp ref="C14">
      <value>4.7uF</value>
      <footprint>footprints:Capacitor_0402_1005M-nosilk</footprint>
      <fields>
        <f name="Digikey">1276-1784-1-ND</f>
        <f name="JLC Part">C23733</f>
        <f name="LCSC Part">C368809</f>
        <f name="Manufacturer Part">CL05A475KP5NRNC</f>
      </fields>
      <libsource lib="Device" part="C_Small" description="Unpolarized capacitor, small symbol"/>
      <property name="LCSC Part" value="C368809"/>
      <property name="Digikey" value="1276-1784-1-ND"/>
      <property name="Manufacturer Part" value="CL05A475KP5NRNC"/>
      <property name="JLC Part" value="C23733"/>
      <property name="Sheetname" value=""/>
      <property name="Sheetfile" value="mikoto.kicad_sch"/>
      <sheetpath names="/" tstamps="/"/>
      <tstamps>00000000-0000-0000-0000-00005fef8d78</tstamps>
    </comp>
    <comp ref="C15">
      <value>1uF</value>
      <footprint>footprints:Capacitor_0402_1005M-nosilk</footprint>
      <fields>
        <f name="Digikey">1276-1067-1-ND</f>
        <f name="JLC Part">C52923</f>
        <f name="LCSC Part">C52923</f>
        <f name="Manufacturer Part">CL05A105KO5NNNC</f>
      </fields>
      <libsource lib="Device" part="C_Small" description="Unpolarized capacitor, small symbol"/>
      <property name="LCSC Part" value="C52923"/>
      <property name="Digikey" value="1276-1067-1-ND"/>
      <property name="Manufacturer Part" value="CL05A105KO5NNNC"/>
      <property name="JLC Part" value="C52923"/>
      <property name="Sheetname" value=""/>
      <property name="Sheetfile" value="mikoto.kicad_sch"/>
      <sheetpath names="/" tstamps="/"/>
      <tstamps>00000000-0000-0000-0000-00005feb5048</tstamps>
    </comp>
    <comp ref="C16">
      <value>47nF</value>
      <footprint>footprints:Capacitor_0402_1005M-nosilk</footprint>
      <fields>
        <f name="Digikey">1276-1077-1-ND</f>
        <f name="JLC Part">C26403</f>
        <f name="LCSC Part">C307434</f>
        <f name="Manufacturer Part">CL05B473KO5NNNC</f>
      </fields>
      <libsource lib="Device" part="C_Small" description="Unpolarized capacitor, small symbol"/>
      <property name="LCSC Part" value="C307434"/>
      <property name="Digikey" value="1276-1077-1-ND"/>
      <property name="Manufacturer Part" value="CL05B473KO5NNNC"/>
      <property name="JLC Part" value="C26403"/>
      <property name="Sheetname" value=""/>
      <property name="Sheetfile" value="mikoto.kicad_sch"/>
      <sheetpath names="/" tstamps="/"/>
      <tstamps>00000000-0000-0000-0000-00005feb54f4</tstamps>
    </comp>
    <comp ref="C17">
      <value>15pF</value>
      <footprint>footprints:Capacitor_0402_1005M-nosilk</footprint>
      <fields>
        <f name="JLC Part">C1548</f>
        <f name="LCSC Part">C307341</f>
        <f name="Manufacturer Part">CL05C150JB51PNC</f>
      </fields>
      <libsource lib="Device" part="C_Small" description="Unpolarized capacitor, small symbol"/>
      <property name="LCSC Part" value="C307341"/>
      <property name="Manufacturer Part" value="CL05C150JB51PNC"/>
      <property name="JLC Part" value="C1548"/>
      <property name="Sheetname" value=""/>
      <property name="Sheetfile" value="mikoto.kicad_sch"/>
      <sheetpath names="/" tstamps="/"/>
      <tstamps>00000000-0000-0000-0000-00005feb0f6f</tstamps>
    </comp>
    <comp ref="C18">
      <value>15pF</value>
      <footprint>footprints:Capacitor_0402_1005M-nosilk</footprint>
      <fields>
        <f name="JLC Part">C1548</f>
        <f name="LCSC Part">C307341</f>
        <f name="Manufacturer Part">CL05C150JB51PNC</f>
      </fields>
      <libsource lib="Device" part="C_Small" description="Unpolarized capacitor, small symbol"/>
      <property name="LCSC Part" value="C307341"/>
      <property name="Manufacturer Part" value="CL05C150JB51PNC"/>
      <property name="JLC Part" value="C1548"/>
      <property name="Sheetname" value=""/>
      <property name="Sheetfile" value="mikoto.kicad_sch"/>
      <sheetpath names="/" tstamps="/"/>
      <tstamps>00000000-0000-0000-0000-00005feb00ac</tstamps>
    </comp>
    <comp ref="C19">
      <value>10nF</value>
      <footprint>footprints:Capacitor_0402_1005M-nosilk</footprint>
      <fields>
        <f name="Digikey">1276-1499-1-ND</f>
        <f name="JLC Part">C15195</f>
        <f name="LCSC Part">C15195</f>
        <f name="Manufacturer Part">CL05B103KB5NNNC</f>
      </fields>
      <libsource lib="Device" part="C_Small" description="Unpolarized capacitor, small symbol"/>
      <property name="LCSC Part" value="C15195"/>
      <property name="Digikey" value="1276-1499-1-ND"/>
      <property name="Manufacturer Part" value="CL05B103KB5NNNC"/>
      <property name="JLC Part" value="C15195"/>
      <property name="Sheetname" value=""/>
      <property name="Sheetfile" value="mikoto.kicad_sch"/>
      <sheetpath names="/" tstamps="/"/>
      <tstamps>00000000-0000-0000-0000-00006001a577</tstamps>
    </comp>
    <comp ref="C20">
      <value>4.7uF</value>
      <footprint>footprints:Capacitor_0402_1005M-nosilk</footprint>
      <fields>
        <f name="Digikey">1276-1784-1-ND</f>
        <f name="JLC Part">C23733</f>
        <f name="LCSC Part">C368809</f>
        <f name="Manufacturer Part">CL05A475KP5NRNC</f>
      </fields>
      <libsource lib="Device" part="C_Small" description="Unpolarized capacitor, small symbol"/>
      <property name="LCSC Part" value="C368809"/>
      <property name="Digikey" value="1276-1784-1-ND"/>
      <property name="Manufacturer Part" value="CL05A475KP5NRNC"/>
      <property name="JLC Part" value="C23733"/>
      <property name="Sheetname" value=""/>
      <property name="Sheetfile" value="mikoto.kicad_sch"/>
      <sheetpath names="/" tstamps="/"/>
      <tstamps>00000000-0000-0000-0000-0000600bd765</tstamps>
    </comp>
    <comp ref="C21">
      <value>10uF</value>
      <footprint>footprints:Capacitor_0603_1608M-nosilk</footprint>
      <fields>
        <f name="JLC Part">C19702</f>
        <f name="LCSC Part">C19702</f>
        <f name="Manufacturer Part">CL10A106KP8NNNC</f>
      </fields>
      <libsource lib="Device" part="C_Small" description="Unpolarized capacitor, small symbol"/>
      <property name="LCSC Part" value="C19702"/>
      <property name="Manufacturer Part" value="CL10A106KP8NNNC"/>
      <property name="JLC Part" value="C19702"/>
      <property name="Sheetname" value=""/>
      <property name="Sheetfile" value="mikoto.kicad_sch"/>
      <sheetpath names="/" tstamps="/"/>
      <tstamps>8c11fc64-5198-49f2-9ab7-59372a505b4a</tstamps>
    </comp>
    <comp ref="C22">
      <value>1.5pF</value>
      <footprint>footprints:Capacitor_0402_1005M-nosilk</footprint>
      <fields>
        <f name="Digikey">1276-1658-1-ND</f>
        <f name="JLC Part">C1552</f>
        <f name="LCSC Part">C170150</f>
        <f name="Manufacturer Part">CL05C1R5CB5NNNC</f>
      </fields>
      <libsource lib="Device" part="C_Small" description="Unpolarized capacitor, small symbol"/>
      <property name="LCSC Part" value="C170150"/>
      <property name="Digikey" value="1276-1658-1-ND"/>
      <property name="Manufacturer Part" value="CL05C1R5CB5NNNC"/>
      <property name="JLC Part" value="C1552"/>
      <property name="Sheetname" value=""/>
      <property name="Sheetfile" value="mikoto.kicad_sch"/>
      <sheetpath names="/" tstamps="/"/>
      <tstamps>00000000-0000-0000-0000-00006073b71b</tstamps>
    </comp>
    <comp ref="C23">
      <value>1uF</value>
      <footprint>footprints:Capacitor_0402_1005M-nosilk</footprint>
      <fields>
        <f name="Digikey">1276-1067-1-ND</f>
        <f name="JLC Part">C52923</f>
        <f name="LCSC Part">C52923</f>
        <f name="Manufacturer Part">CL05A105KO5NNNC</f>
      </fields>
      <libsource lib="Device" part="C_Small" description="Unpolarized capacitor, small symbol"/>
      <property name="LCSC Part" value="C52923"/>
      <property name="Digikey" value="1276-1067-1-ND"/>
      <property name="Manufacturer Part" value="CL05A105KO5NNNC"/>
      <property name="JLC Part" value="C52923"/>
      <property name="Sheetname" value=""/>
      <property name="Sheetfile" value="mikoto.kicad_sch"/>
      <sheetpath names="/" tstamps="/"/>
      <tstamps>acafcc37-e173-4c86-9b83-ff7f8977a060</tstamps>
    </comp>
    <comp ref="C24">
      <value>4.7uF</value>
      <footprint>footprints:Capacitor_0402_1005M-nosilk</footprint>
      <fields>
        <f name="Digikey">1276-1784-1-ND</f>
        <f name="JLC Part">C23733</f>
        <f name="LCSC Part">C368809</f>
        <f name="Manufacturer Part">CL05A475KP5NRNC</f>
      </fields>
      <libsource lib="Device" part="C_Small" description="Unpolarized capacitor, small symbol"/>
      <property name="LCSC Part" value="C368809"/>
      <property name="Digikey" value="1276-1784-1-ND"/>
      <property name="Manufacturer Part" value="CL05A475KP5NRNC"/>
      <property name="JLC Part" value="C23733"/>
      <property name="Sheetname" value=""/>
      <property name="Sheetfile" value="mikoto.kicad_sch"/>
      <sheetpath names="/" tstamps="/"/>
      <tstamps>9c48eeed-5221-4e8c-90d4-994471bffd7b</tstamps>
    </comp>
    <comp ref="C25">
      <value>4.7uF</value>
      <footprint>footprints:Capacitor_0402_1005M-nosilk</footprint>
      <fields>
        <f name="Digikey">1276-1784-1-ND</f>
        <f name="JLC Part">C23733</f>
        <f name="LCSC Part">C368809</f>
        <f name="Manufacturer Part">CL05A475KP5NRNC</f>
      </fields>
      <libsource lib="Device" part="C_Small" description="Unpolarized capacitor, small symbol"/>
      <property name="LCSC Part" value="C368809"/>
      <property name="Digikey" value="1276-1784-1-ND"/>
      <property name="Manufacturer Part" value="CL05A475KP5NRNC"/>
      <property name="JLC Part" value="C23733"/>
      <property name="Sheetname" value=""/>
      <property name="Sheetfile" value="mikoto.kicad_sch"/>
      <sheetpath names="/" tstamps="/"/>
      <tstamps>00000000-0000-0000-0000-000060a903a4</tstamps>
    </comp>
    <comp ref="C26">
      <value>4.7uF</value>
      <footprint>footprints:Capacitor_0402_1005M-nosilk</footprint>
      <fields>
        <f name="Digikey">1276-1784-1-ND</f>
        <f name="JLC Part">C23733</f>
        <f name="LCSC Part">C368809</f>
        <f name="Manufacturer Part">CL05A475KP5NRNC</f>
      </fields>
      <libsource lib="Device" part="C_Small" description="Unpolarized capacitor, small symbol"/>
      <property name="LCSC Part" value="C368809"/>
      <property name="Digikey" value="1276-1784-1-ND"/>
      <property name="Manufacturer Part" value="CL05A475KP5NRNC"/>
      <property name="JLC Part" value="C23733"/>
      <property name="Sheetname" value=""/>
      <property name="Sheetfile" value="mikoto.kicad_sch"/>
      <sheetpath names="/" tstamps="/"/>
      <tstamps>a5348c15-98f6-437a-b51a-ed4e33f43cc4</tstamps>
    </comp>
    <comp ref="D1">
      <value>BLUE</value>
      <footprint>LED_SMD:LED_0603_1608Metric</footprint>
      <fields>
        <f name="JLC Part">C72041</f>
        <f name="LCSC Part">C146215</f>
        <f name="Manufacturer Part">19-217/BHC-ZL1M2RY/3T</f>
      </fields>
      <libsource lib="Device" part="LED_Small" description="Light emitting diode, small symbol"/>
      <property name="LCSC Part" value="C146215"/>
      <property name="Manufacturer Part" value="19-217/BHC-ZL1M2RY/3T"/>
      <property name="JLC Part" value="C72041"/>
      <property name="Sheetname" value=""/>
      <property name="Sheetfile" value="mikoto.kicad_sch"/>
      <sheetpath names="/" tstamps="/"/>
      <tstamps>00000000-0000-0000-0000-0000600423d4</tstamps>
    </comp>
    <comp ref="D3">
      <value>ORANGE</value>
      <footprint>LED_SMD:LED_0603_1608Metric</footprint>
      <fields>
        <f name="JLC Part">C72038</f>
        <f name="LCSC Part">C160478</f>
        <f name="Manufacturer Part">19-217/S2C-AQ1R1B/3T</f>
      </fields>
      <libsource lib="Device" part="LED_Small" description="Light emitting diode, small symbol"/>
      <property name="LCSC Part" value="C160478"/>
      <property name="Manufacturer Part" value="19-217/S2C-AQ1R1B/3T"/>
      <property name="JLC Part" value="C72038"/>
      <property name="Sheetname" value=""/>
      <property name="Sheetfile" value="mikoto.kicad_sch"/>
      <sheetpath names="/" tstamps="/"/>
      <tstamps>00000000-0000-0000-0000-00005ffad26f</tstamps>
    </comp>
    <comp ref="D5">
      <value>PMEG4010CEJ</value>
      <footprint>footprints:D_SOD-323F-nosilk</footprint>
      <fields>
        <f name="JLC Part">C50704</f>
        <f name="LCSC Part">C50704</f>
        <f name="Manufacturer Part">PMEG4010CEJ</f>
      </fields>
      <libsource lib="Device" part="D_Schottky_Small" description="Schottky diode, small symbol"/>
      <property name="LCSC Part" value="C50704"/>
      <property name="Manufacturer Part" value="PMEG4010CEJ"/>
      <property name="JLC Part" value="C50704"/>
      <property name="Sheetname" value=""/>
      <property name="Sheetfile" value="mikoto.kicad_sch"/>
      <sheetpath names="/" tstamps="/"/>
      <tstamps>01cbcbfd-4f3a-4889-81e1-825fc2cd4f40</tstamps>
    </comp>
    <comp ref="F1">
      <value>500mA hold</value>
      <footprint>Fuse:Fuse_0402_1005Metric</footprint>
      <fields>
        <f name="JLC Part">C206938</f>
        <f name="LCSC Part">C206938</f>
        <f name="Manufacturer Part">0402L050SLKR</f>
      </fields>
      <libsource lib="Device" part="Polyfuse_Small" description="Resettable fuse, polymeric positive temperature coefficient, small symbol"/>
      <property name="LCSC Part" value="C206938"/>
      <property name="Manufacturer Part" value="0402L050SLKR"/>
      <property name="JLC Part" value="C206938"/>
      <property name="Sheetname" value=""/>
      <property name="Sheetfile" value="mikoto.kicad_sch"/>
      <sheetpath names="/" tstamps="/"/>
      <tstamps>a158f8ca-4844-4fb9-b563-297e5f9223b7</tstamps>
    </comp>
    <comp ref="J1">
      <value>USB_C_Receptacle_USB2.0</value>
      <footprint>footprints:USB-C_C168688</footprint>
      <datasheet>https://www.usb.org/sites/default/files/documents/usb_type-c.zip</datasheet>
      <fields>
        <f name="JLC Part">C168688</f>
        <f name="LCSC Part">C168688</f>
      </fields>
      <libsource lib="mikoto" part="USB_C_Receptacle_USB2.0" description=""/>
      <property name="LCSC Part" value="C168688"/>
      <property name="JLC Part" value="C168688"/>
      <property name="Sheetname" value=""/>
      <property name="Sheetfile" value="mikoto.kicad_sch"/>
      <sheetpath names="/" tstamps="/"/>
      <tstamps>00000000-0000-0000-0000-0000600e09d4</tstamps>
    </comp>
    <comp ref="L1">
      <value>3.9nH</value>
      <footprint>footprints:Inductor_0402_1005M-nosilk</footprint>
      <fields>
        <f name="JLC Part">C14033</f>
        <f name="LCSC Part">C76775</f>
        <f name="Manufacturer Part">MLG1005S3N9BT000</f>
      </fields>
      <libsource lib="Device" part="L_Small" description="Inductor, small symbol"/>
      <property name="LCSC Part" value="C76775"/>
      <property name="Manufacturer Part" value="MLG1005S3N9BT000"/>
      <property name="JLC Part" value="C14033"/>
      <property name="Sheetname" value=""/>
      <property name="Sheetfile" value="mikoto.kicad_sch"/>
      <sheetpath names="/" tstamps="/"/>
      <tstamps>00000000-0000-0000-0000-00005fec82c3</tstamps>
    </comp>
    <comp ref="L2">
      <value>15nH</value>
      <footprint>footprints:Inductor_0402_1005M-nosilk</footprint>
      <fields>
        <f name="JLC Part">C27143</f>
        <f name="LCSC Part">C76763</f>
        <f name="Manufacturer Part">MLG1005S15NJT000</f>
      </fields>
      <libsource lib="Device" part="L_Small" description="Inductor, small symbol"/>
      <property name="LCSC Part" value="C76763"/>
      <property name="Manufacturer Part" value="MLG1005S15NJT000"/>
      <property name="JLC Part" value="C27143"/>
      <property name="Sheetname" value=""/>
      <property name="Sheetfile" value="mikoto.kicad_sch"/>
      <sheetpath names="/" tstamps="/"/>
      <tstamps>00000000-0000-0000-0000-00005fee7d04</tstamps>
    </comp>
    <comp ref="L3">
      <value>10uH</value>
      <footprint>footprints:Inductor_0603_1608M-nosilk</footprint>
      <fields>
        <f name="JLC Part">C1035</f>
        <f name="LCSC Part">C76732</f>
        <f name="Manufacturer Part">MLF1608E100KTD00</f>
      </fields>
      <libsource lib="Device" part="L_Small" description="Inductor, small symbol"/>
      <property name="LCSC Part" value="C76732"/>
      <property name="Manufacturer Part" value="MLF1608E100KTD00"/>
      <property name="JLC Part" value="C1035"/>
      <property name="Sheetname" value=""/>
      <property name="Sheetfile" value="mikoto.kicad_sch"/>
      <sheetpath names="/" tstamps="/"/>
      <tstamps>00000000-0000-0000-0000-00005fee6b0e</tstamps>
    </comp>
    <comp ref="L4">
      <value>10uH</value>
      <footprint>footprints:Inductor_0603_1608M-nosilk</footprint>
      <fields>
        <f name="JLC Part">C1035</f>
        <f name="LCSC Part">C76732</f>
        <f name="Manufacturer Part">MLF1608E100KTD00</f>
      </fields>
      <libsource lib="Device" part="L_Small" description="Inductor, small symbol"/>
      <property name="LCSC Part" value="C76732"/>
      <property name="Manufacturer Part" value="MLF1608E100KTD00"/>
      <property name="JLC Part" value="C1035"/>
      <property name="Sheetname" value=""/>
      <property name="Sheetfile" value="mikoto.kicad_sch"/>
      <sheetpath names="/" tstamps="/"/>
      <tstamps>00000000-0000-0000-0000-000060a63574</tstamps>
    </comp>
    <comp ref="NT1">
      <value>Net-Tie_2</value>
      <footprint>footprints:net-tie-2-tiny</footprint>
      <libsource lib="Device" part="Net-Tie_2" description="Net tie, 2 pins"/>
      <property name="Sheetname" value=""/>
      <property name="Sheetfile" value="mikoto.kicad_sch"/>
      <sheetpath names="/" tstamps="/"/>
      <tstamps>00000000-0000-0000-0000-0000606c509a</tstamps>
    </comp>
    <comp ref="R1">
      <value>3.9k</value>
      <footprint>footprints:Resistor_0402_1005M-nosilk</footprint>
      <fields>
        <f name="JLC Part">C51721</f>
        <f name="LCSC Part">C131467</f>
        <f name="Manufacturer Part">RC0402FR-073K9L</f>
      </fields>
      <libsource lib="Device" part="R_Small" description="Resistor, small symbol"/>
      <property name="LCSC Part" value="C131467"/>
      <property name="Manufacturer Part" value="RC0402FR-073K9L"/>
      <property name="JLC Part" value="C51721"/>
      <property name="Sheetname" value=""/>
      <property name="Sheetfile" value="mikoto.kicad_sch"/>
      <sheetpath names="/" tstamps="/"/>
      <tstamps>c5f65bb9-c8e5-4da1-a16c-0e1eb0bcb56c</tstamps>
    </comp>
    <comp ref="R2">
      <value>2M</value>
      <footprint>footprints:Resistor_0402_1005M-nosilk</footprint>
      <fields>
        <f name="JLC Part">C138014</f>
        <f name="LCSC Part">C138014</f>
        <f name="Manufacturer Part">RC0402FR-072ML</f>
      </fields>
      <libsource lib="Device" part="R_Small" description="Resistor, small symbol"/>
      <property name="LCSC Part" value="C138014"/>
      <property name="Manufacturer Part" value="RC0402FR-072ML"/>
      <property name="JLC Part" value="C138014"/>
      <property name="Sheetname" value=""/>
      <property name="Sheetfile" value="mikoto.kicad_sch"/>
      <sheetpath names="/" tstamps="/"/>
      <tstamps>94da7234-6d18-426f-b596-4e0d9283484c</tstamps>
    </comp>
    <comp ref="R3">
      <value>2M</value>
      <footprint>footprints:Resistor_0402_1005M-nosilk</footprint>
      <fields>
        <f name="JLC Part">C138014</f>
        <f name="LCSC Part">C138014</f>
        <f name="Manufacturer Part">RC0402FR-072ML</f>
      </fields>
      <libsource lib="Device" part="R_Small" description="Resistor, small symbol"/>
      <property name="LCSC Part" value="C138014"/>
      <property name="Manufacturer Part" value="RC0402FR-072ML"/>
      <property name="JLC Part" value="C138014"/>
      <property name="Sheetname" value=""/>
      <property name="Sheetfile" value="mikoto.kicad_sch"/>
      <sheetpath names="/" tstamps="/"/>
      <tstamps>00000000-0000-0000-0000-00005ffdec47</tstamps>
    </comp>
    <comp ref="R4">
      <value>10M</value>
      <footprint>footprints:Resistor_0402_1005M-nosilk</footprint>
      <fields>
        <f name="JLC Part">C26082</f>
        <f name="LCSC Part">C138067</f>
        <f name="Manufacturer Part">RC0402FR-0710ML</f>
      </fields>
      <libsource lib="Device" part="R_Small" description="Resistor, small symbol"/>
      <property name="LCSC Part" value="C138067"/>
      <property name="Manufacturer Part" value="RC0402FR-0710ML"/>
      <property name="JLC Part" value="C26082"/>
      <property name="Sheetname" value=""/>
      <property name="Sheetfile" value="mikoto.kicad_sch"/>
      <sheetpath names="/" tstamps="/"/>
      <tstamps>00000000-0000-0000-0000-00005ffdfc4b</tstamps>
    </comp>
    <comp ref="R5">
      <value>1.5k</value>
      <footprint>footprints:Resistor_0402_1005M-nosilk</footprint>
      <fields>
        <f name="JLC Part">C25867</f>
        <f name="LCSC Part">C114759</f>
        <f name="Manufacturer Part">RC0402FR-071K5L</f>
      </fields>
      <libsource lib="Device" part="R_Small" description="Resistor, small symbol"/>
      <property name="LCSC Part" value="C114759"/>
      <property name="Manufacturer Part" value="RC0402FR-071K5L"/>
      <property name="JLC Part" value="C25867"/>
      <property name="Sheetname" value=""/>
      <property name="Sheetfile" value="mikoto.kicad_sch"/>
      <sheetpath names="/" tstamps="/"/>
      <tstamps>00000000-0000-0000-0000-000060048826</tstamps>
    </comp>
    <comp ref="R6">
      <value>10k</value>
      <footprint>footprints:Resistor_0402_1005M-nosilk</footprint>
      <fields>
        <f name="JLC Part">C25744</f>
        <f name="LCSC Part">C60490</f>
        <f name="Manufacturer Part">RC0402FR-0710KL</f>
      </fields>
      <libsource lib="Device" part="R_Small" description="Resistor, small symbol"/>
      <property name="LCSC Part" value="C60490"/>
      <property name="Manufacturer Part" value="RC0402FR-0710KL"/>
      <property name="JLC Part" value="C25744"/>
      <property name="Sheetname" value=""/>
      <property name="Sheetfile" value="mikoto.kicad_sch"/>
      <sheetpath names="/" tstamps="/"/>
      <tstamps>a0140b5a-ea07-4571-910a-be7dad13934a</tstamps>
    </comp>
    <comp ref="R7">
      <value>10k</value>
      <footprint>footprints:Resistor_0402_1005M-nosilk</footprint>
      <fields>
        <f name="JLC Part">C25744</f>
        <f name="LCSC Part">C60490</f>
        <f name="Manufacturer Part">RC0402FR-0710KL</f>
      </fields>
      <libsource lib="Device" part="R_Small" description="Resistor, small symbol"/>
      <property name="LCSC Part" value="C60490"/>
      <property name="Manufacturer Part" value="RC0402FR-0710KL"/>
      <property name="JLC Part" value="C25744"/>
      <property name="Sheetname" value=""/>
      <property name="Sheetfile" value="mikoto.kicad_sch"/>
      <sheetpath names="/" tstamps="/"/>
      <tstamps>00000000-0000-0000-0000-00005ff858a5</tstamps>
    </comp>
    <comp ref="R8">
      <value>10k</value>
      <footprint>footprints:Resistor_0402_1005M-nosilk</footprint>
      <fields>
        <f name="JLC Part">C25744</f>
        <f name="LCSC Part">C60490</f>
        <f name="Manufacturer Part">RC0402FR-0710KL</f>
      </fields>
      <libsource lib="Device" part="R_Small" description="Resistor, small symbol"/>
      <property name="LCSC Part" value="C60490"/>
      <property name="Manufacturer Part" value="RC0402FR-0710KL"/>
      <property name="JLC Part" value="C25744"/>
      <property name="Sheetname" value=""/>
      <property name="Sheetfile" value="mikoto.kicad_sch"/>
      <sheetpath names="/" tstamps="/"/>
      <tstamps>bc164844-b442-418b-bce5-efc22d1d67c5</tstamps>
    </comp>
    <comp ref="R9">
      <value>5.1k</value>
      <footprint>footprints:Resistor_0402_1005M-nosilk</footprint>
      <fields>
        <f name="JLC Part">C25905</f>
        <f name="LCSC Part">C105872</f>
        <f name="Manufacturer Part">RC0402FR-075K1L</f>
      </fields>
      <libsource lib="Device" part="R_Small" description="Resistor, small symbol"/>
      <property name="LCSC Part" value="C105872"/>
      <property name="Manufacturer Part" value="RC0402FR-075K1L"/>
      <property name="JLC Part" value="C25905"/>
      <property name="Sheetname" value=""/>
      <property name="Sheetfile" value="mikoto.kicad_sch"/>
      <sheetpath names="/" tstamps="/"/>
      <tstamps>00000000-0000-0000-0000-0000601261dd</tstamps>
    </comp>
    <comp ref="R10">
      <value>5.1k</value>
      <footprint>footprints:Resistor_0402_1005M-nosilk</footprint>
      <fields>
        <f name="JLC Part">C25905</f>
        <f name="LCSC Part">C105872</f>
        <f name="Manufacturer Part">RC0402FR-075K1L</f>
      </fields>
      <libsource lib="Device" part="R_Small" description="Resistor, small symbol"/>
      <property name="LCSC Part" value="C105872"/>
      <property name="Manufacturer Part" value="RC0402FR-075K1L"/>
      <property name="JLC Part" value="C25905"/>
      <property name="Sheetname" value=""/>
      <property name="Sheetfile" value="mikoto.kicad_sch"/>
      <sheetpath names="/" tstamps="/"/>
      <tstamps>00000000-0000-0000-0000-000060125bf7</tstamps>
    </comp>
    <comp ref="R11">
      <value>0R</value>
      <footprint>footprints:Resistor_0402_1005M-nosilk</footprint>
      <fields>
        <f name="JLC Part">C17168</f>
        <f name="LCSC Part">C106231</f>
        <f name="Manufacturer Part">RC0402FR-070RL</f>
      </fields>
      <libsource lib="Device" part="R_Small" description="Resistor, small symbol"/>
      <property name="LCSC Part" value="C106231"/>
      <property name="Manufacturer Part" value="RC0402FR-070RL"/>
      <property name="JLC Part" value="C17168"/>
      <property name="Sheetname" value=""/>
      <property name="Sheetfile" value="mikoto.kicad_sch"/>
      <sheetpath names="/" tstamps="/"/>
      <tstamps>eba504c9-fb14-4b30-886b-4b2cc0e7e04e</tstamps>
    </comp>
    <comp ref="R12">
      <value>2M</value>
      <footprint>footprints:Resistor_0402_1005M-nosilk</footprint>
      <fields>
        <f name="JLC Part">C138014</f>
        <f name="LCSC Part">C138014</f>
        <f name="Manufacturer Part">RC0402FR-072ML</f>
      </fields>
      <libsource lib="Device" part="R_Small" description="Resistor, small symbol"/>
      <property name="LCSC Part" value="C138014"/>
      <property name="Manufacturer Part" value="RC0402FR-072ML"/>
      <property name="JLC Part" value="C138014"/>
      <property name="Sheetname" value=""/>
      <property name="Sheetfile" value="mikoto.kicad_sch"/>
      <sheetpath names="/" tstamps="/"/>
      <tstamps>e06ae204-3aa4-4046-8da1-e0c732e04ad9</tstamps>
    </comp>
    <comp ref="U1">
      <value>nRF52840</value>
      <footprint>footprints:AQFN-73-1EP_7x7mm_P0.5mm_NRF52840-custom</footprint>
      <datasheet>http://infocenter.nordicsemi.com/topic/com.nordic.infocenter.nrf52/dita/nrf52/chips/nrf52840.html</datasheet>
      <fields>
        <f name="Digikey">1490-1071-1-ND</f>
        <f name="JLC Part">C1851953</f>
        <f name="LCSC Part">C1851953</f>
        <f name="Manufacturer Part">NRF52840-QIAA-R</f>
      </fields>
      <libsource lib="MCU_Nordic" part="nRF52840" description="Multiprotocol BLE/ANT/2.4 GHz/802.15.4 Cortex-M4F SoC, AQFN-73"/>
      <property name="LCSC Part" value="C1851953"/>
      <property name="Digikey" value="1490-1071-1-ND"/>
      <property name="Manufacturer Part" value="NRF52840-QIAA-R"/>
      <property name="JLC Part" value="C1851953"/>
      <property name="Sheetname" value=""/>
      <property name="Sheetfile" value="mikoto.kicad_sch"/>
      <sheetpath names="/" tstamps="/"/>
      <tstamps>00000000-0000-0000-0000-00005feab607</tstamps>
    </comp>
    <comp ref="U2">
      <value>BQ24075/9</value>
      <footprint>Package_DFN_QFN:VQFN-16-1EP_3x3mm_P0.5mm_EP1.6x1.6mm</footprint>
      <datasheet>http://www.ti.com/lit/ds/symlink/bq24075.pdf</datasheet>
      <fields>
        <f name="Digikey">296-24815-1-ND</f>
        <f name="JLC Part">C15464</f>
        <f name="LCSC Part">C15464</f>
        <f name="Manufacturer Part">BQ24075RGTR</f>
      </fields>
      <libsource lib="Battery_Management" part="BQ24075" description="USB-Friendly Li-Ion Battery Charger and Power-Path Management"/>
      <property name="LCSC Part" value="C15464"/>
      <property name="Digikey" value="296-24815-1-ND"/>
      <property name="Manufacturer Part" value="BQ24075RGTR"/>
      <property name="JLC Part" value="C15464"/>
      <property name="Sheetname" value=""/>
      <property name="Sheetfile" value="mikoto.kicad_sch"/>
      <sheetpath names="/" tstamps="/"/>
      <tstamps>e6236d89-0cce-4acf-a7fe-246b3b952ffb</tstamps>
    </comp>
    <comp ref="U3">
      <value>XC6220B331MR</value>
      <footprint>Package_TO_SOT_SMD:SOT-23-5</footprint>
      <datasheet>https://www.torexsemi.com/file/xc6220/XC6220.pdf</datasheet>
      <fields>
        <f name="Digikey">893-1133-1-ND‎</f>
        <f name="JLC Part">C86534</f>
        <f name="LCSC Part">C86534</f>
        <f name="Manufacturer Part">XC6220B331MR-G‎</f>
      </fields>
      <libsource lib="Regulator_Linear" part="XC6220B331MR" description="1A, Low Drop-out Voltage Regulator, Fixed Output 3.3V, SOT-23-5"/>
      <property name="Digikey" value="893-1133-1-ND‎"/>
      <property name="Manufacturer Part" value="XC6220B331MR-G‎"/>
      <property name="LCSC Part" value="C86534"/>
      <property name="JLC Part" value="C86534"/>
      <property name="Sheetname" value=""/>
      <property name="Sheetfile" value="mikoto.kicad_sch"/>
      <sheetpath names="/" tstamps="/"/>
      <tstamps>27645721-b0d7-444d-bd1b-3c41d5a13bef</tstamps>
    </comp>
    <comp ref="U4">
      <value>mikoto-pins</value>
      <footprint>footprints:mikoto-pins</footprint>
      <libsource lib="mikoto" part="mikoto-pins" description=""/>
      <property name="Sheetname" value=""/>
      <property name="Sheetfile" value="mikoto.kicad_sch"/>
      <sheetpath names="/" tstamps="/"/>
      <tstamps>70e82a80-1fab-440a-89bb-7533d75dbb36</tstamps>
    </comp>
    <comp ref="U5">
      <value>ESDR0502NMUTAG</value>
      <footprint>footprints:UDFN-6_1.2x1.0mm_P0.4mm</footprint>
      <datasheet>http://www.onsemi.cn/pub_link/Collateral/ESDR0502N-D.PDF</datasheet>
      <fields>
        <f name="JLC Part">C327480</f>
        <f name="LCSC Part">C327480</f>
        <f name="Manufacturer Part">ESDR0502NMUTBG</f>
      </fields>
      <libsource lib="mikoto" part="ESDR0502NMUTAG" description=""/>
      <property name="LCSC Part" value="C327480"/>
      <property name="Manufacturer Part" value="ESDR0502NMUTBG"/>
      <property name="JLC Part" value="C327480"/>
      <property name="Sheetname" value=""/>
      <property name="Sheetfile" value="mikoto.kicad_sch"/>
      <sheetpath names="/" tstamps="/"/>
      <tstamps>ce939e88-1c3a-42c2-8bde-aebaf96098b4</tstamps>
    </comp>
    <comp ref="Y1">
      <value>32MHz</value>
      <footprint>Crystal:Crystal_SMD_2016-4Pin_2.0x1.6mm</footprint>
      <fields>
        <f name="Digikey">490-XRCGB32M000F1S1DR0CT-ND‎</f>
        <f name="JLC Part">C255896</f>
        <f name="LCSC Part">C255896</f>
        <f name="Manufacturer Part">Q22FA1280001800</f>
      </fields>
      <libsource lib="Device" part="Crystal_GND24_Small" description="Four pin crystal, GND on pins 2 and 4, small symbol"/>
      <property name="LCSC Part" value="C255896"/>
      <property name="Digikey" value="490-XRCGB32M000F1S1DR0CT-ND‎"/>
      <property name="Manufacturer Part" value="Q22FA1280001800"/>
      <property name="JLC Part" value="C255896"/>
      <property name="Sheetname" value=""/>
      <property name="Sheetfile" value="mikoto.kicad_sch"/>
      <sheetpath names="/" tstamps="/"/>
      <tstamps>00000000-0000-0000-0000-00005feb8142</tstamps>
    </comp>
    <comp ref="Y2">
      <value>32.768 kHz</value>
      <footprint>Crystal:Crystal_SMD_2012-2Pin_2.0x1.2mm</footprint>
      <fields>
        <f name="Digikey">728-1075-1-ND</f>
        <f name="JLC Part">C93231</f>
        <f name="LCSC Part">C97607</f>
        <f name="Manufacturer Part">SC20S-12.5PF20PPM</f>
      </fields>
      <libsource lib="Device" part="Crystal_Small" description="Two pin crystal, small symbol"/>
      <property name="LCSC Part" value="C97607"/>
      <property name="Digikey" value="728-1075-1-ND"/>
      <property name="Manufacturer Part" value="SC20S-12.5PF20PPM"/>
      <property name="JLC Part" value="C93231"/>
      <property name="Sheetname" value=""/>
      <property name="Sheetfile" value="mikoto.kicad_sch"/>
      <sheetpath names="/" tstamps="/"/>
      <tstamps>00000000-0000-0000-0000-00005feaec19</tstamps>
    </comp>
  </components>
  <libparts>
    <libpart lib="Battery_Management" part="BQ24075">
      <description>USB-Friendly Li-Ion Battery Charger and Power-Path Management</description>
      <docs>http://www.ti.com/lit/ds/symlink/bq24075.pdf</docs>
      <footprints>
        <fp>RGT*</fp>
        <fp>QFN*</fp>
      </footprints>
      <fields>
        <field name="Reference">U</field>
        <field name="Value">BQ24075</field>
        <field name="Datasheet">http://www.ti.com/lit/ds/symlink/bq24075.pdf</field>
      </fields>
      <pins>
        <pin num="1" name="TS" type="passive"/>
        <pin num="2" name="BAT" type="power_out"/>
        <pin num="3" name="BAT" type="power_out"/>
        <pin num="4" name="~CE" type="input"/>
        <pin num="5" name="EN2" type="input"/>
        <pin num="6" name="EN1" type="input"/>
        <pin num="7" name="~PGOOD" type="open_collector"/>
        <pin num="8" name="VSS" type="power_in"/>
        <pin num="9" name="~CHG" type="open_collector"/>
        <pin num="10" name="OUT" type="power_out"/>
        <pin num="11" name="OUT" type="power_out"/>
        <pin num="12" name="ILIM" type="passive"/>
        <pin num="13" name="IN" type="power_in"/>
        <pin num="14" name="TMR" type="input"/>
        <pin num="15" name="SYSOFF" type="input"/>
        <pin num="16" name="ISET" type="passive"/>
        <pin num="17" name="PAD" type="power_in"/>
      </pins>
    </libpart>
    <libpart lib="Connector" part="TestPoint">
      <description>test point</description>
      <docs>~</docs>
      <footprints>
        <fp>Pin*</fp>
        <fp>Test*</fp>
      </footprints>
      <fields>
        <field name="Reference">TP</field>
        <field name="Value">TestPoint</field>
        <field name="Datasheet">~</field>
      </fields>
      <pins>
        <pin num="1" name="1" type="passive"/>
      </pins>
    </libpart>
    <libpart lib="Connector_Generic" part="Conn_01x01">
      <description>Generic connector, single row, 01x01, script generated (kicad-library-utils/schlib/autogen/connector/)</description>
      <docs>~</docs>
      <footprints>
        <fp>Connector*:*_1x??_*</fp>
      </footprints>
      <fields>
        <field name="Reference">J</field>
        <field name="Value">Conn_01x01</field>
        <field name="Datasheet">~</field>
      </fields>
      <pins>
        <pin num="1" name="Pin_1" type="passive"/>
      </pins>
    </libpart>
    <libpart lib="Device" part="Antenna">
      <description>Antenna</description>
      <docs>~</docs>
      <fields>
        <field name="Reference">AE</field>
        <field name="Value">Antenna</field>
        <field name="Datasheet">~</field>
      </fields>
      <pins>
        <pin num="1" name="A" type="input"/>
      </pins>
    </libpart>
    <libpart lib="Device" part="C_Small">
      <description>Unpolarized capacitor, small symbol</description>
      <docs>~</docs>
      <footprints>
        <fp>C_*</fp>
      </footprints>
      <fields>
        <field name="Reference">C</field>
        <field name="Value">C_Small</field>
        <field name="Datasheet">~</field>
      </fields>
      <pins>
        <pin num="1" name="" type="passive"/>
        <pin num="2" name="" type="passive"/>
      </pins>
    </libpart>
    <libpart lib="Device" part="Crystal_GND24_Small">
      <description>Four pin crystal, GND on pins 2 and 4, small symbol</description>
      <docs>~</docs>
      <footprints>
        <fp>Crystal*</fp>
      </footprints>
      <fields>
        <field name="Reference">Y</field>
        <field name="Value">Crystal_GND24_Small</field>
        <field name="Datasheet">~</field>
      </fields>
      <pins>
        <pin num="1" name="1" type="passive"/>
        <pin num="2" name="2" type="passive"/>
        <pin num="3" name="3" type="passive"/>
        <pin num="4" name="4" type="passive"/>
      </pins>
    </libpart>
    <libpart lib="Device" part="Crystal_Small">
      <description>Two pin crystal, small symbol</description>
      <docs>~</docs>
      <footprints>
        <fp>Crystal*</fp>
      </footprints>
      <fields>
        <field name="Reference">Y</field>
        <field name="Value">Crystal_Small</field>
        <field name="Datasheet">~</field>
      </fields>
      <pins>
        <pin num="1" name="1" type="passive"/>
        <pin num="2" name="2" type="passive"/>
      </pins>
    </libpart>
    <libpart lib="Device" part="D_Schottky_Small">
      <description>Schottky diode, small symbol</description>
      <docs>~</docs>
      <footprints>
        <fp>TO-???*</fp>
        <fp>*_Diode_*</fp>
        <fp>*SingleDiode*</fp>
        <fp>D_*</fp>
      </footprints>
      <fields>
        <field name="Reference">D</field>
        <field name="Value">D_Schottky_Small</field>
        <field name="Datasheet">~</field>
      </fields>
      <pins>
        <pin num="1" name="K" type="passive"/>
        <pin num="2" name="A" type="passive"/>
      </pins>
    </libpart>
    <libpart lib="Device" part="LED_Small">
      <description>Light emitting diode, small symbol</description>
      <docs>~</docs>
      <footprints>
        <fp>LED*</fp>
        <fp>LED_SMD:*</fp>
        <fp>LED_THT:*</fp>
      </footprints>
      <fields>
        <field name="Reference">D</field>
        <field name="Value">LED_Small</field>
        <field name="Datasheet">~</field>
      </fields>
      <pins>
        <pin num="1" name="K" type="passive"/>
        <pin num="2" name="A" type="passive"/>
      </pins>
    </libpart>
    <libpart lib="Device" part="L_Small">
      <description>Inductor, small symbol</description>
      <docs>~</docs>
      <footprints>
        <fp>Choke_*</fp>
        <fp>*Coil*</fp>
        <fp>Inductor_*</fp>
        <fp>L_*</fp>
      </footprints>
      <fields>
        <field name="Reference">L</field>
        <field name="Value">L_Small</field>
        <field name="Datasheet">~</field>
      </fields>
      <pins>
        <pin num="1" name="" type="passive"/>
        <pin num="2" name="" type="passive"/>
      </pins>
    </libpart>
    <libpart lib="Device" part="Net-Tie_2">
      <description>Net tie, 2 pins</description>
      <docs>~</docs>
      <footprints>
        <fp>Net*Tie*</fp>
      </footprints>
      <fields>
        <field name="Reference">NT</field>
        <field name="Value">Net-Tie_2</field>
        <field name="Datasheet">~</field>
      </fields>
      <pins>
        <pin num="1" name="1" type="passive"/>
        <pin num="2" name="2" type="passive"/>
      </pins>
    </libpart>
    <libpart lib="Device" part="Polyfuse_Small">
      <description>Resettable fuse, polymeric positive temperature coefficient, small symbol</description>
      <docs>~</docs>
      <footprints>
        <fp>*polyfuse*</fp>
        <fp>*PTC*</fp>
      </footprints>
      <fields>
        <field name="Reference">F</field>
        <field name="Value">Polyfuse_Small</field>
        <field name="Datasheet">~</field>
      </fields>
      <pins>
        <pin num="1" name="" type="passive"/>
        <pin num="2" name="" type="passive"/>
      </pins>
    </libpart>
    <libpart lib="Device" part="R_Small">
      <description>Resistor, small symbol</description>
      <docs>~</docs>
      <footprints>
        <fp>R_*</fp>
      </footprints>
      <fields>
        <field name="Reference">R</field>
        <field name="Value">R_Small</field>
        <field name="Datasheet">~</field>
      </fields>
      <pins>
        <pin num="1" name="" type="passive"/>
        <pin num="2" name="" type="passive"/>
      </pins>
    </libpart>
    <libpart lib="MCU_Nordic" part="nRF52840">
      <description>Multiprotocol BLE/ANT/2.4 GHz/802.15.4 Cortex-M4F SoC, AQFN-73</description>
      <docs>http://infocenter.nordicsemi.com/topic/com.nordic.infocenter.nrf52/dita/nrf52/chips/nrf52840.html</docs>
      <footprints>
        <fp>Nordic*AQFN*1EP*7x7mm*P0.5mm*</fp>
      </footprints>
      <fields>
        <field name="Reference">U</field>
        <field name="Value">nRF52840</field>
        <field name="Footprint">Package_DFN_QFN:Nordic_AQFN-73-1EP_7x7mm_P0.5mm</field>
        <field name="Datasheet">http://infocenter.nordicsemi.com/topic/com.nordic.infocenter.nrf52/dita/nrf52/chips/nrf52840.html</field>
      </fields>
      <pins>
        <pin num="A8" name="AIN7/P0.31" type="bidirectional"/>
        <pin num="A10" name="AIN5/P0.29" type="bidirectional"/>
        <pin num="A12" name="AIN0/P0.02" type="bidirectional"/>
        <pin num="A14" name="P1.15" type="bidirectional"/>
        <pin num="A16" name="P1.13" type="bidirectional"/>
        <pin num="A18" name="DEC2" type="passive"/>
        <pin num="A20" name="P1.10" type="bidirectional"/>
        <pin num="A22" name="VDD" type="passive"/>
        <pin num="A23" name="XC2" type="input"/>
        <pin num="AA24" name="SWDCLK" type="input"/>
        <pin num="AB2" name="DCCH" type="power_out"/>
        <pin num="AC5" name="DECUSB" type="passive"/>
        <pin num="AC9" name="P0.14" type="bidirectional"/>
        <pin num="AC11" name="P0.16" type="bidirectional"/>
        <pin num="AC13" name="P0.18/~RESET" type="bidirectional"/>
        <pin num="AC15" name="P0.19" type="bidirectional"/>
        <pin num="AC17" name="P0.21" type="bidirectional"/>
        <pin num="AC19" name="P0.23" type="bidirectional"/>
        <pin num="AC21" name="P0.25" type="bidirectional"/>
        <pin num="AC24" name="SWDIO" type="bidirectional"/>
        <pin num="AD2" name="VBUS" type="power_in"/>
        <pin num="AD4" name="D-" type="bidirectional"/>
        <pin num="AD6" name="D+" type="bidirectional"/>
        <pin num="AD8" name="P0.13" type="bidirectional"/>
        <pin num="AD10" name="P0.15" type="bidirectional"/>
        <pin num="AD12" name="P0.17" type="bidirectional"/>
        <pin num="AD14" name="VDD" type="passive"/>
        <pin num="AD16" name="P0.20" type="bidirectional"/>
        <pin num="AD18" name="P0.22" type="bidirectional"/>
        <pin num="AD20" name="P0.24" type="bidirectional"/>
        <pin num="AD22" name="TRACEDATA0/P1.00" type="bidirectional"/>
        <pin num="AD23" name="VDD" type="passive"/>
        <pin num="B1" name="VDD" type="power_in"/>
        <pin num="B3" name="DCC" type="power_out"/>
        <pin num="B5" name="DEC4" type="passive"/>
        <pin num="B7" name="VSS" type="power_in"/>
        <pin num="B9" name="AIN6/P0.30" type="bidirectional"/>
        <pin num="B11" name="AIN4/P0.28" type="bidirectional"/>
        <pin num="B13" name="AIN1/P0.03" type="bidirectional"/>
        <pin num="B15" name="P1.14" type="bidirectional"/>
        <pin num="B17" name="P1.12" type="bidirectional"/>
        <pin num="B19" name="P1.11" type="bidirectional"/>
        <pin num="B24" name="XC1" type="input"/>
        <pin num="C1" name="DEC1" type="passive"/>
        <pin num="D2" name="XL1/P0.00" type="bidirectional"/>
        <pin num="D23" name="DEC3" type="passive"/>
        <pin num="E24" name="DEC6" type="passive"/>
        <pin num="EP" name="VSS" type="passive"/>
        <pin num="F2" name="XL2/P0.01" type="bidirectional"/>
        <pin num="F23" name="VSS_PA" type="power_in"/>
        <pin num="G1" name="P0.26" type="bidirectional"/>
        <pin num="H2" name="P0.27" type="bidirectional"/>
        <pin num="H23" name="ANT" type="passive"/>
        <pin num="J1" name="AIN2/P0.04" type="bidirectional"/>
        <pin num="J24" name="NFC2/P0.10" type="bidirectional"/>
        <pin num="K2" name="AIN3/P0.05" type="bidirectional"/>
        <pin num="L1" name="P0.06" type="bidirectional"/>
        <pin num="L24" name="NFC1/P0.09" type="bidirectional"/>
        <pin num="M2" name="TRACECLK/P0.07" type="bidirectional"/>
        <pin num="N1" name="P0.08" type="bidirectional"/>
        <pin num="N24" name="DEC5" type="passive"/>
        <pin num="P2" name="P1.08" type="bidirectional"/>
        <pin num="P23" name="P1.07" type="bidirectional"/>
        <pin num="R1" name="TRACEDATA3/P1.09" type="bidirectional"/>
        <pin num="R24" name="P1.06" type="bidirectional"/>
        <pin num="T2" name="TRACEDATA2/P0.11" type="bidirectional"/>
        <pin num="T23" name="P1.05" type="bidirectional"/>
        <pin num="U1" name="TRACEDATA1/P0.12" type="bidirectional"/>
        <pin num="U24" name="P1.04" type="bidirectional"/>
        <pin num="V23" name="P1.03" type="bidirectional"/>
        <pin num="W1" name="VDD" type="passive"/>
        <pin num="W24" name="P1.02" type="bidirectional"/>
        <pin num="Y2" name="VDDH" type="power_in"/>
        <pin num="Y23" name="P1.01" type="bidirectional"/>
      </pins>
    </libpart>
    <libpart lib="Mechanical" part="MountingHole">
      <description>Mounting Hole without connection</description>
      <docs>~</docs>
      <footprints>
        <fp>MountingHole*</fp>
      </footprints>
      <fields>
        <field name="Reference">H</field>
        <field name="Value">MountingHole</field>
        <field name="Datasheet">~</field>
      </fields>
    </libpart>
    <libpart lib="Regulator_Linear" part="XC6220B331MR">
      <description>1A, Low Drop-out Voltage Regulator, Fixed Output 3.3V, SOT-23-5</description>
      <docs>https://www.torexsemi.com/file/xc6220/XC6220.pdf</docs>
      <footprints>
        <fp>SOT?23*</fp>
      </footprints>
      <fields>
        <field name="Reference">U</field>
        <field name="Value">XC6220B331MR</field>
        <field name="Footprint">Package_TO_SOT_SMD:SOT-23-5</field>
        <field name="Datasheet">https://www.torexsemi.com/file/xc6220/XC6220.pdf</field>
      </fields>
      <pins>
        <pin num="1" name="VIN" type="power_in"/>
        <pin num="2" name="GND" type="power_in"/>
        <pin num="3" name="CE" type="input"/>
        <pin num="4" name="NC" type="no_connect"/>
        <pin num="5" name="VOUT" type="power_out"/>
      </pins>
    </libpart>
    <libpart lib="mikoto" part="ESDR0502NMUTAG">
      <docs>http://www.onsemi.cn/pub_link/Collateral/ESDR0502N-D.PDF</docs>
      <fields>
        <field name="Reference">U</field>
        <field name="Value">ESDR0502NMUTAG</field>
        <field name="Footprint">footprints:UDFN-6_1.2x1.0mm_P0.4mm</field>
        <field name="Datasheet">http://www.onsemi.cn/pub_link/Collateral/ESDR0502N-D.PDF</field>
      </fields>
      <pins>
        <pin num="1" name="GND" type="power_in"/>
        <pin num="2" name="NC" type="passive"/>
        <pin num="3" name="NC" type="passive"/>
        <pin num="4" name="D-" type="passive"/>
        <pin num="5" name="D+" type="passive"/>
        <pin num="6" name="VBUS" type="power_in"/>
      </pins>
    </libpart>
    <libpart lib="mikoto" part="USB_C_Receptacle_USB2.0">
      <footprints>
        <fp>USB*C*Receptacle*</fp>
      </footprints>
      <fields>
        <field name="Reference">J</field>
        <field name="Value">USB_C_Receptacle_USB2.0</field>
      </fields>
      <pins>
        <pin num="A1" name="GND" type="power_in"/>
        <pin num="A4" name="VBUS" type="power_in"/>
        <pin num="A5" name="CC1" type="bidirectional"/>
        <pin num="A6" name="D+" type="bidirectional"/>
        <pin num="A7" name="D-" type="bidirectional"/>
        <pin num="B5" name="CC2" type="bidirectional"/>
        <pin num="B6" name="D+" type="bidirectional"/>
        <pin num="B7" name="D-" type="bidirectional"/>
        <pin num="S1" name="SHIELD" type="passive"/>
        <pin num="S2" name="SHIELD" type="passive"/>
        <pin num="S3" name="SHIELD" type="passive"/>
        <pin num="S4" name="SHIELD" type="passive"/>
      </pins>
    </libpart>
    <libpart lib="mikoto" part="mikoto-pins">
      <fields>
        <field name="Reference">U</field>
        <field name="Value">mikoto-pins</field>
        <field name="Footprint">footprints:mikoto-pins</field>
      </fields>
      <pins>
        <pin num="1" name="EXT_5V" type="input"/>
        <pin num="2" name="" type="input"/>
        <pin num="3" name="" type="input"/>
        <pin num="4" name="GND" type="input"/>
        <pin num="5" name="GND" type="input"/>
        <pin num="6" name="" type="input"/>
        <pin num="7" name="" type="input"/>
        <pin num="8" name="" type="input"/>
        <pin num="9" name="" type="input"/>
        <pin num="10" name="" type="input"/>
        <pin num="11" name="" type="input"/>
        <pin num="12" name="" type="input"/>
        <pin num="13" name="" type="input"/>
        <pin num="14" name="" type="input"/>
        <pin num="15" name="" type="input"/>
        <pin num="16" name="" type="input"/>
        <pin num="17" name="" type="input"/>
        <pin num="18" name="" type="input"/>
        <pin num="19" name="" type="input"/>
        <pin num="20" name="" type="input"/>
        <pin num="21" name="" type="input"/>
        <pin num="22" name="VCC" type="input"/>
        <pin num="23" name="RST" type="input"/>
        <pin num="24" name="GND" type="input"/>
        <pin num="25" name="RAW" type="input"/>
        <pin num="26" name="VBUS" type="input"/>
      </pins>
    </libpart>
  </libparts>
  <libraries>
    <library logical="Battery_Management">
      <uri>D:\Programs\KiCad\5.99\share\kicad\library/Battery_Management.kicad_sym</uri>
    </library>
    <library logical="Connector">
      <uri>D:\Programs\KiCad\5.99\share\kicad\library/Connector.kicad_sym</uri>
    </library>
    <library logical="Connector_Generic">
      <uri>D:\Programs\KiCad\5.99\share\kicad\library/Connector_Generic.kicad_sym</uri>
    </library>
    <library logical="Device">
      <uri>D:\Programs\KiCad\5.99\share\kicad\library/Device.kicad_sym</uri>
    </library>
    <library logical="MCU_Nordic">
      <uri>D:\Programs\KiCad\5.99\share\kicad\library/MCU_Nordic.kicad_sym</uri>
    </library>
    <library logical="Mechanical">
      <uri>D:\Programs\KiCad\5.99\share\kicad\library/Mechanical.kicad_sym</uri>
    </library>
    <library logical="Regulator_Linear">
      <uri>D:\Programs\KiCad\5.99\share\kicad\library/Regulator_Linear.kicad_sym</uri>
    </library>
    <library logical="mikoto">
      <uri>D:\Projects\mikoto/lib/mikoto.kicad_sym</uri>
    </library>
  </libraries>
  <nets>
    <net code="1" name="/ANT">
      <node ref="C22" pin="2" pintype="passive"/>
      <node ref="R11" pin="2" pintype="passive"/>
    </net>
    <net code="2" name="/CC1">
      <node ref="J1" pin="A5" pinfunction="CC1" pintype="bidirectional"/>
      <node ref="R9" pin="1" pintype="passive"/>
    </net>
    <net code="3" name="/CC2">
      <node ref="J1" pin="B5" pinfunction="CC2" pintype="bidirectional"/>
      <node ref="R10" pin="1" pintype="passive"/>
    </net>
    <net code="4" name="BAT_VOLT">
      <node ref="C19" pin="2" pintype="passive"/>
      <node ref="R3" pin="2" pintype="passive"/>
      <node ref="R4" pin="1" pintype="passive"/>
      <node ref="U1" pin="B13" pinfunction="AIN1/P0.03" pintype="bidirectional"/>
    </net>
    <net code="5" name="BLUE_LED">
      <node ref="D1" pin="2" pinfunction="A" pintype="passive"/>
      <node ref="U1" pin="AD10" pinfunction="P0.15" pintype="bidirectional"/>
    </net>
    <net code="6" name="CHARGE_CTRL_1">
      <node ref="R7" pin="1" pintype="passive"/>
      <node ref="U1" pin="G1" pinfunction="P0.26" pintype="bidirectional"/>
    </net>
    <net code="7" name="CHARGE_CTRL_2">
      <node ref="R1" pin="2" pintype="passive"/>
      <node ref="U1" pin="A14" pinfunction="P1.15" pintype="bidirectional"/>
    </net>
    <net code="8" name="EXT_5V">
      <node ref="D5" pin="1" pinfunction="K" pintype="passive"/>
      <node ref="F1" pin="2" pintype="passive"/>
      <node ref="U4" pin="1" pinfunction="EXT_5V" pintype="input"/>
    </net>
    <net code="9" name="GND">
      <node ref="C1" pin="1" pintype="passive"/>
      <node ref="C10" pin="2" pintype="passive"/>
      <node ref="C11" pin="2" pintype="passive"/>
      <node ref="C12" pin="2" pintype="passive"/>
      <node ref="C13" pin="2" pintype="passive"/>
      <node ref="C14" pin="1" pintype="passive"/>
      <node ref="C15" pin="1" pintype="passive"/>
      <node ref="C16" pin="1" pintype="passive"/>
      <node ref="C17" pin="1" pintype="passive"/>
      <node ref="C18" pin="1" pintype="passive"/>
      <node ref="C19" pin="1" pintype="passive"/>
      <node ref="C2" pin="1" pintype="passive"/>
      <node ref="C20" pin="1" pintype="passive"/>
      <node ref="C21" pin="1" pintype="passive"/>
      <node ref="C22" pin="1" pintype="passive"/>
      <node ref="C23" pin="2" pintype="passive"/>
      <node ref="C24" pin="1" pintype="passive"/>
      <node ref="C25" pin="1" pintype="passive"/>
      <node ref="C26" pin="1" pintype="passive"/>
      <node ref="C3" pin="1" pintype="passive"/>
      <node ref="C4" pin="2" pintype="passive"/>
      <node ref="C5" pin="1" pintype="passive"/>
      <node ref="C6" pin="2" pintype="passive"/>
      <node ref="C7" pin="2" pintype="passive"/>
      <node ref="C8" pin="2" pintype="passive"/>
      <node ref="J1" pin="A1" pinfunction="GND" pintype="power_in"/>
      <node ref="NT1" pin="2" pinfunction="2" pintype="passive"/>
      <node ref="R10" pin="2" pintype="passive"/>
      <node ref="R2" pin="2" pintype="passive"/>
      <node ref="R4" pin="2" pintype="passive"/>
      <node ref="R5" pin="1" pintype="passive"/>
      <node ref="R8" pin="2" pintype="passive"/>
      <node ref="R9" pin="2" pintype="passive"/>
      <node ref="U1" pin="B7" pinfunction="VSS" pintype="power_in"/>
      <node ref="U1" pin="EP" pinfunction="VSS" pintype="passive"/>
      <node ref="U2" pin="15" pinfunction="SYSOFF" pintype="input"/>
      <node ref="U2" pin="17" pinfunction="PAD" pintype="power_in"/>
      <node ref="U2" pin="4" pinfunction="~CE" pintype="input"/>
      <node ref="U2" pin="5" pinfunction="EN2" pintype="input"/>
      <node ref="U2" pin="8" pinfunction="VSS" pintype="power_in"/>
      <node ref="U3" pin="2" pinfunction="GND" pintype="power_in"/>
      <node ref="U4" pin="24" pinfunction="GND" pintype="input"/>
      <node ref="U4" pin="4" pinfunction="GND" pintype="input"/>
      <node ref="U4" pin="5" pinfunction="GND" pintype="input"/>
      <node ref="U5" pin="1" pinfunction="GND" pintype="power_in"/>
      <node ref="Y1" pin="2" pinfunction="2" pintype="passive"/>
      <node ref="Y1" pin="4" pinfunction="4" pintype="passive"/>
    </net>
    <net code="10" name="Net-(C5-Pad2)">
      <node ref="C5" pin="2" pintype="passive"/>
      <node ref="L1" pin="1" pintype="passive"/>
      <node ref="R11" pin="1" pintype="passive"/>
    </net>
    <net code="11" name="Net-(C6-Pad1)">
      <node ref="C6" pin="1" pintype="passive"/>
      <node ref="U1" pin="B24" pinfunction="XC1" pintype="input"/>
      <node ref="Y1" pin="1" pinfunction="1" pintype="passive"/>
    </net>
    <net code="12" name="Net-(C7-Pad1)">
      <node ref="C7" pin="1" pintype="passive"/>
      <node ref="U1" pin="A23" pinfunction="XC2" pintype="input"/>
      <node ref="Y1" pin="3" pinfunction="3" pintype="passive"/>
    </net>
    <net code="13" name="Net-(C9-Pad2)">
      <node ref="C9" pin="2" pintype="passive"/>
      <node ref="L1" pin="2" pintype="passive"/>
      <node ref="U1" pin="H23" pinfunction="ANT" pintype="passive"/>
    </net>
    <net code="14" name="Net-(C10-Pad1)">
      <node ref="C10" pin="1" pintype="passive"/>
      <node ref="U1" pin="C1" pinfunction="DEC1" pintype="passive"/>
    </net>
    <net code="15" name="Net-(C11-Pad1)">
      <node ref="C11" pin="1" pintype="passive"/>
      <node ref="U1" pin="D23" pinfunction="DEC3" pintype="passive"/>
    </net>
    <net code="16" name="Net-(C12-Pad1)">
      <node ref="C12" pin="1" pintype="passive"/>
      <node ref="U1" pin="N24" pinfunction="DEC5" pintype="passive"/>
    </net>
    <net code="17" name="Net-(C13-Pad1)">
      <node ref="C13" pin="1" pintype="passive"/>
      <node ref="U1" pin="AC5" pinfunction="DECUSB" pintype="passive"/>
    </net>
    <net code="18" name="Net-(C15-Pad2)">
      <node ref="C15" pin="2" pintype="passive"/>
      <node ref="C16" pin="2" pintype="passive"/>
      <node ref="L2" pin="1" pintype="passive"/>
      <node ref="U1" pin="B5" pinfunction="DEC4" pintype="passive"/>
      <node ref="U1" pin="E24" pinfunction="DEC6" pintype="passive"/>
    </net>
    <net code="19" name="Net-(C17-Pad2)">
      <node ref="C17" pin="2" pintype="passive"/>
      <node ref="U1" pin="D2" pinfunction="XL1/P0.00" pintype="bidirectional"/>
      <node ref="Y2" pin="1" pinfunction="1" pintype="passive"/>
    </net>
    <net code="20" name="Net-(C18-Pad2)">
      <node ref="C18" pin="2" pintype="passive"/>
      <node ref="U1" pin="F2" pinfunction="XL2/P0.01" pintype="bidirectional"/>
      <node ref="Y2" pin="2" pinfunction="2" pintype="passive"/>
    </net>
    <net code="21" name="Net-(C23-Pad1)">
      <node ref="C23" pin="1" pintype="passive"/>
      <node ref="F1" pin="1" pintype="passive"/>
      <node ref="U2" pin="13" pinfunction="IN" pintype="power_in"/>
    </net>
    <net code="22" name="Net-(D1-Pad1)">
      <node ref="D1" pin="1" pinfunction="K" pintype="passive"/>
      <node ref="R5" pin="2" pintype="passive"/>
    </net>
    <net code="23" name="Net-(D3-Pad1)">
      <node ref="D3" pin="1" pinfunction="K" pintype="passive"/>
      <node ref="U2" pin="9" pinfunction="~CHG" pintype="open_collector"/>
    </net>
    <net code="24" name="Net-(D3-Pad2)">
      <node ref="D3" pin="2" pinfunction="A" pintype="passive"/>
      <node ref="R6" pin="2" pintype="passive"/>
    </net>
    <net code="25" name="Net-(L2-Pad2)">
      <node ref="L2" pin="2" pintype="passive"/>
      <node ref="L3" pin="1" pintype="passive"/>
    </net>
    <net code="26" name="Net-(L3-Pad2)">
      <node ref="L3" pin="2" pintype="passive"/>
      <node ref="U1" pin="B3" pinfunction="DCC" pintype="power_out"/>
    </net>
    <net code="27" name="Net-(L4-Pad2)">
      <node ref="L4" pin="2" pintype="passive"/>
      <node ref="U1" pin="AB2" pinfunction="DCCH" pintype="power_out"/>
    </net>
    <net code="28" name="Net-(R1-Pad1)">
      <node ref="R1" pin="1" pintype="passive"/>
      <node ref="R7" pin="2" pintype="passive"/>
      <node ref="U2" pin="16" pinfunction="ISET" pintype="passive"/>
    </net>
    <net code="29" name="Net-(R8-Pad1)">
      <node ref="R8" pin="1" pintype="passive"/>
      <node ref="U2" pin="1" pinfunction="TS" pintype="passive"/>
    </net>
    <net code="30" name="Net-(R12-Pad2)">
      <node ref="R12" pin="2" pintype="passive"/>
      <node ref="R3" pin="1" pintype="passive"/>
    </net>
    <net code="31" name="P0.02">
      <node ref="U1" pin="A12" pinfunction="AIN0/P0.02" pintype="bidirectional"/>
      <node ref="U4" pin="17" pintype="input"/>
    </net>
    <net code="32" name="P0.04">
      <node ref="U1" pin="J1" pinfunction="AIN2/P0.04" pintype="bidirectional"/>
      <node ref="U4" pin="3" pintype="input"/>
    </net>
    <net code="33" name="P0.08">
      <node ref="U1" pin="N1" pinfunction="P0.08" pintype="bidirectional"/>
      <node ref="U4" pin="2" pintype="input"/>
    </net>
    <net code="34" name="P0.09">
      <node ref="U1" pin="L24" pinfunction="NFC1/P0.09" pintype="bidirectional"/>
      <node ref="U4" pin="14" pintype="input"/>
    </net>
    <net code="35" name="P0.10">
      <node ref="U1" pin="J24" pinfunction="NFC2/P0.10" pintype="bidirectional"/>
      <node ref="U4" pin="15" pintype="input"/>
    </net>
    <net code="36" name="P0.11">
      <node ref="U1" pin="T2" pinfunction="TRACEDATA2/P0.11" pintype="bidirectional"/>
      <node ref="U4" pin="21" pintype="input"/>
    </net>
    <net code="37" name="P0.17">
      <node ref="U1" pin="AD12" pinfunction="P0.17" pintype="bidirectional"/>
      <node ref="U4" pin="6" pintype="input"/>
    </net>
    <net code="38" name="P0.20">
      <node ref="U1" pin="AD16" pinfunction="P0.20" pintype="bidirectional"/>
      <node ref="U4" pin="7" pintype="input"/>
    </net>
    <net code="39" name="P0.22">
      <node ref="U1" pin="AD18" pinfunction="P0.22" pintype="bidirectional"/>
      <node ref="U4" pin="8" pintype="input"/>
    </net>
    <net code="40" name="P0.24">
      <node ref="U1" pin="AD20" pinfunction="P0.24" pintype="bidirectional"/>
      <node ref="U4" pin="9" pintype="input"/>
    </net>
    <net code="41" name="P0.25">
      <node ref="U1" pin="AC21" pinfunction="P0.25" pintype="bidirectional"/>
      <node ref="U4" pin="20" pintype="input"/>
    </net>
    <net code="42" name="P0.29">
      <node ref="U1" pin="A10" pinfunction="AIN5/P0.29" pintype="bidirectional"/>
      <node ref="U4" pin="18" pintype="input"/>
    </net>
    <net code="43" name="P0.31">
      <node ref="U1" pin="A8" pinfunction="AIN7/P0.31" pintype="bidirectional"/>
      <node ref="U4" pin="19" pintype="input"/>
    </net>
    <net code="44" name="P1.00">
      <node ref="U1" pin="AD22" pinfunction="TRACEDATA0/P1.00" pintype="bidirectional"/>
      <node ref="U4" pin="10" pintype="input"/>
    </net>
    <net code="45" name="P1.02">
      <node ref="U1" pin="W24" pinfunction="P1.02" pintype="bidirectional"/>
      <node ref="U4" pin="11" pintype="input"/>
    </net>
    <net code="46" name="P1.04">
      <node ref="U1" pin="U24" pinfunction="P1.04" pintype="bidirectional"/>
      <node ref="U4" pin="12" pintype="input"/>
    </net>
    <net code="47" name="P1.06">
      <node ref="U1" pin="R24" pinfunction="P1.06" pintype="bidirectional"/>
      <node ref="U4" pin="13" pintype="input"/>
    </net>
    <net code="48" name="P1.13">
      <node ref="U1" pin="A16" pinfunction="P1.13" pintype="bidirectional"/>
      <node ref="U4" pin="16" pintype="input"/>
    </net>
    <net code="49" name="PPH_VCC">
      <node ref="C20" pin="2" pintype="passive"/>
      <node ref="U3" pin="5" pinfunction="VOUT" pintype="power_out"/>
      <node ref="U4" pin="22" pinfunction="VCC" pintype="input"/>
    </net>
    <net code="50" name="PPH_VCC_CTRL">
      <node ref="R2" pin="1" pintype="passive"/>
      <node ref="U1" pin="AD8" pinfunction="P0.13" pintype="bidirectional"/>
      <node ref="U3" pin="3" pinfunction="CE" pintype="input"/>
    </net>
    <net code="51" name="RESET">
      <node ref="U1" pin="AC11" pinfunction="P0.16" pintype="bidirectional"/>
      <node ref="U1" pin="AC13" pinfunction="P0.18/~RESET" pintype="bidirectional"/>
      <node ref="U1" pin="AC9" pinfunction="P0.14" pintype="bidirectional"/>
      <node ref="U4" pin="23" pinfunction="RST" pintype="input"/>
    </net>
    <net code="52" name="SWC">
      <node ref="U1" pin="AA24" pinfunction="SWDCLK" pintype="input"/>
    </net>
    <net code="53" name="SWD">
      <node ref="U1" pin="AC24" pinfunction="SWDIO" pintype="bidirectional"/>
    </net>
    <net code="54" name="USB_D+">
      <node ref="J1" pin="A6" pinfunction="D+" pintype="bidirectional"/>
      <node ref="J1" pin="B6" pinfunction="D+" pintype="bidirectional"/>
      <node ref="U1" pin="AD6" pinfunction="D+" pintype="bidirectional"/>
      <node ref="U5" pin="5" pinfunction="D+" pintype="passive"/>
    </net>
    <net code="55" name="USB_D-">
      <node ref="J1" pin="A7" pinfunction="D-" pintype="bidirectional"/>
      <node ref="J1" pin="B7" pinfunction="D-" pintype="bidirectional"/>
      <node ref="U1" pin="AD4" pinfunction="D-" pintype="bidirectional"/>
      <node ref="U5" pin="4" pinfunction="D-" pintype="passive"/>
    </net>
    <net code="56" name="VBAT">
      <node ref="C26" pin="2" pintype="passive"/>
      <node ref="R12" pin="1" pintype="passive"/>
      <node ref="U2" pin="2" pinfunction="BAT" pintype="power_out"/>
      <node ref="U2" pin="3" pinfunction="BAT" pintype="power_out"/>
      <node ref="U4" pin="25" pinfunction="RAW" pintype="input"/>
    </net>
    <net code="57" name="VBUS">
      <node ref="C14" pin="2" pintype="passive"/>
      <node ref="D5" pin="2" pinfunction="A" pintype="passive"/>
      <node ref="J1" pin="A4" pinfunction="VBUS" pintype="power_in"/>
      <node ref="U1" pin="AD2" pinfunction="VBUS" pintype="power_in"/>
      <node ref="U4" pin="26" pinfunction="VBUS" pintype="input"/>
      <node ref="U5" pin="6" pinfunction="VBUS" pintype="power_in"/>
    </net>
    <net code="58" name="VDDH">
      <node ref="C21" pin="2" pintype="passive"/>
      <node ref="C24" pin="2" pintype="passive"/>
      <node ref="C25" pin="2" pintype="passive"/>
      <node ref="R6" pin="1" pintype="passive"/>
      <node ref="U1" pin="Y2" pinfunction="VDDH" pintype="power_in"/>
      <node ref="U2" pin="10" pinfunction="OUT" pintype="power_out"/>
      <node ref="U2" pin="11" pinfunction="OUT" pintype="power_out"/>
      <node ref="U2" pin="6" pinfunction="EN1" pintype="input"/>
      <node ref="U3" pin="1" pinfunction="VIN" pintype="power_in"/>
    </net>
    <net code="59" name="VDD_NRF">
      <node ref="C1" pin="2" pintype="passive"/>
      <node ref="C2" pin="2" pintype="passive"/>
      <node ref="C3" pin="2" pintype="passive"/>
      <node ref="C4" pin="1" pintype="passive"/>
      <node ref="C8" pin="1" pintype="passive"/>
      <node ref="L4" pin="1" pintype="passive"/>
      <node ref="U1" pin="A22" pinfunction="VDD" pintype="passive"/>
      <node ref="U1" pin="AD14" pinfunction="VDD" pintype="passive"/>
      <node ref="U1" pin="AD23" pinfunction="VDD" pintype="passive"/>
      <node ref="U1" pin="B1" pinfunction="VDD" pintype="power_in"/>
      <node ref="U1" pin="W1" pinfunction="VDD" pintype="passive"/>
    </net>
    <net code="60" name="VSS_PA">
      <node ref="C9" pin="1" pintype="passive"/>
      <node ref="NT1" pin="1" pinfunction="1" pintype="passive"/>
      <node ref="U1" pin="F23" pinfunction="VSS_PA" pintype="power_in"/>
    </net>
    <net code="61" name="unconnected-(J1-PadS1)">
      <node ref="J1" pin="S1" pinfunction="SHIELD" pintype="passive+no_connect"/>
    </net>
    <net code="62" name="unconnected-(J1-PadS2)">
      <node ref="J1" pin="S2" pinfunction="SHIELD" pintype="passive+no_connect"/>
    </net>
    <net code="63" name="unconnected-(J1-PadS3)">
      <node ref="J1" pin="S3" pinfunction="SHIELD" pintype="passive+no_connect"/>
    </net>
    <net code="64" name="unconnected-(J1-PadS4)">
      <node ref="J1" pin="S4" pinfunction="SHIELD" pintype="passive+no_connect"/>
    </net>
    <net code="65" name="unconnected-(U1-PadA18)">
      <node ref="U1" pin="A18" pinfunction="DEC2" pintype="passive+no_connect"/>
    </net>
    <net code="66" name="unconnected-(U1-PadA20)">
      <node ref="U1" pin="A20" pinfunction="P1.10" pintype="bidirectional+no_connect"/>
    </net>
    <net code="67" name="unconnected-(U1-PadAC15)">
      <node ref="U1" pin="AC15" pinfunction="P0.19" pintype="bidirectional+no_connect"/>
    </net>
    <net code="68" name="unconnected-(U1-PadAC17)">
      <node ref="U1" pin="AC17" pinfunction="P0.21" pintype="bidirectional+no_connect"/>
    </net>
    <net code="69" name="unconnected-(U1-PadAC19)">
      <node ref="U1" pin="AC19" pinfunction="P0.23" pintype="bidirectional+no_connect"/>
    </net>
    <net code="70" name="unconnected-(U1-PadB9)">
      <node ref="U1" pin="B9" pinfunction="AIN6/P0.30" pintype="bidirectional+no_connect"/>
    </net>
    <net code="71" name="unconnected-(U1-PadB11)">
      <node ref="U1" pin="B11" pinfunction="AIN4/P0.28" pintype="bidirectional+no_connect"/>
    </net>
    <net code="72" name="unconnected-(U1-PadB15)">
      <node ref="U1" pin="B15" pinfunction="P1.14" pintype="bidirectional+no_connect"/>
    </net>
    <net code="73" name="unconnected-(U1-PadB17)">
      <node ref="U1" pin="B17" pinfunction="P1.12" pintype="bidirectional+no_connect"/>
    </net>
    <net code="74" name="unconnected-(U1-PadB19)">
      <node ref="U1" pin="B19" pinfunction="P1.11" pintype="bidirectional+no_connect"/>
    </net>
    <net code="75" name="unconnected-(U1-PadH2)">
      <node ref="U1" pin="H2" pinfunction="P0.27" pintype="bidirectional+no_connect"/>
    </net>
    <net code="76" name="unconnected-(U1-PadK2)">
      <node ref="U1" pin="K2" pinfunction="AIN3/P0.05" pintype="bidirectional+no_connect"/>
    </net>
    <net code="77" name="unconnected-(U1-PadL1)">
      <node ref="U1" pin="L1" pinfunction="P0.06" pintype="bidirectional+no_connect"/>
    </net>
    <net code="78" name="unconnected-(U1-PadM2)">
      <node ref="U1" pin="M2" pinfunction="TRACECLK/P0.07" pintype="bidirectional+no_connect"/>
    </net>
    <net code="79" name="unconnected-(U1-PadP2)">
      <node ref="U1" pin="P2" pinfunction="P1.08" pintype="bidirectional+no_connect"/>
    </net>
    <net code="80" name="unconnected-(U1-PadP23)">
      <node ref="U1" pin="P23" pinfunction="P1.07" pintype="bidirectional+no_connect"/>
    </net>
    <net code="81" name="unconnected-(U1-PadR1)">
      <node ref="U1" pin="R1" pinfunction="TRACEDATA3/P1.09" pintype="bidirectional+no_connect"/>
    </net>
    <net code="82" name="unconnected-(U1-PadT23)">
      <node ref="U1" pin="T23" pinfunction="P1.05" pintype="bidirectional+no_connect"/>
    </net>
    <net code="83" name="unconnected-(U1-PadU1)">
      <node ref="U1" pin="U1" pinfunction="TRACEDATA1/P0.12" pintype="bidirectional+no_connect"/>
    </net>
    <net code="84" name="unconnected-(U1-PadV23)">
      <node ref="U1" pin="V23" pinfunction="P1.03" pintype="bidirectional+no_connect"/>
    </net>
    <net code="85" name="unconnected-(U1-PadY23)">
      <node ref="U1" pin="Y23" pinfunction="P1.01" pintype="bidirectional+no_connect"/>
    </net>
    <net code="86" name="unconnected-(U2-Pad7)">
      <node ref="U2" pin="7" pinfunction="~PGOOD" pintype="open_collector+no_connect"/>
    </net>
    <net code="87" name="unconnected-(U2-Pad12)">
      <node ref="U2" pin="12" pinfunction="ILIM" pintype="passive+no_connect"/>
    </net>
    <net code="88" name="unconnected-(U2-Pad14)">
      <node ref="U2" pin="14" pinfunction="TMR" pintype="input+no_connect"/>
    </net>
    <net code="89" name="unconnected-(U3-Pad4)">
      <node ref="U3" pin="4" pinfunction="NC" pintype="no_connect"/>
    </net>
    <net code="90" name="unconnected-(U5-Pad2)">
      <node ref="U5" pin="2" pinfunction="NC" pintype="passive+no_connect"/>
    </net>
    <net code="91" name="unconnected-(U5-Pad3)">
      <node ref="U5" pin="3" pinfunction="NC" pintype="passive+no_connect"/>
    </net>
  </nets>
</export>
