<?xml version="1.0" encoding="UTF-8"?>
<export version="D">
  <design>
    <source>D:\PCB Design\KiCad\Myprojects\Eclipse\Atmega32U4\PCB\Eclipse60.sch</source>
    <date>10/9/2022 1:09:27 AM</date>
    <tool>Eeschema (5.1.11)-1</tool>
    <sheet number="1" name="/" tstamps="/">
      <title_block>
        <title/>
        <company/>
        <rev/>
        <date/>
        <source>Eclipse60.sch</source>
        <comment number="1" value=""/>
        <comment number="2" value=""/>
        <comment number="3" value=""/>
        <comment number="4" value=""/>
      </title_block>
    </sheet>
    <sheet number="2" name="/Matrix/" tstamps="/62F279CE/">
      <title_block>
        <title/>
        <company/>
        <rev/>
        <date/>
        <source>Matrix.sch</source>
        <comment number="1" value=""/>
        <comment number="2" value=""/>
        <comment number="3" value=""/>
        <comment number="4" value=""/>
      </title_block>
    </sheet>
  </design>
  <components>
    <comp ref="U1">
      <value>ATmega32U4-MU</value>
      <footprint>Package_DFN_QFN:QFN-44-1EP_7x7mm_P0.5mm_EP5.15x5.15mm_ThermalVias</footprint>
      <datasheet>http://ww1.microchip.com/downloads/en/DeviceDoc/Atmel-7766-8-bit-AVR-ATmega16U4-32U4_Datasheet.pdf</datasheet>
      <libsource lib="MCU_Microchip_ATmega" part="ATmega32U4-MU" description="16MHz, 32kB Flash, 2.5kB SRAM, 1kB EEPROM, USB 2.0, QFN-44"/>
      <sheetpath names="/" tstamps="/"/>
      <tstamp>62F29834</tstamp>
    </comp>
    <comp ref="R1">
      <value>10k</value>
      <footprint>sanproject-keyboard-part:R_0603</footprint>
      <datasheet>~</datasheet>
      <libsource lib="Device" part="R_Small" description="Resistor, small symbol"/>
      <sheetpath names="/" tstamps="/"/>
      <tstamp>62F61C49</tstamp>
    </comp>
    <comp ref="C1">
      <value>1uF</value>
      <footprint>sanproject-keyboard-part:C_0603</footprint>
      <datasheet>~</datasheet>
      <libsource lib="Device" part="C_Small" description="Unpolarized capacitor, small symbol"/>
      <sheetpath names="/" tstamps="/"/>
      <tstamp>62F66467</tstamp>
    </comp>
    <comp ref="C3">
      <value>0.1uF</value>
      <footprint>sanproject-keyboard-part:C_0603</footprint>
      <datasheet>~</datasheet>
      <libsource lib="Device" part="C_Small" description="Unpolarized capacitor, small symbol"/>
      <sheetpath names="/" tstamps="/"/>
      <tstamp>62F677FD</tstamp>
    </comp>
    <comp ref="C4">
      <value>0.1uF</value>
      <footprint>sanproject-keyboard-part:C_0603</footprint>
      <datasheet>~</datasheet>
      <libsource lib="Device" part="C_Small" description="Unpolarized capacitor, small symbol"/>
      <sheetpath names="/" tstamps="/"/>
      <tstamp>62F68750</tstamp>
    </comp>
    <comp ref="C5">
      <value>0.1uF</value>
      <footprint>sanproject-keyboard-part:C_0603</footprint>
      <datasheet>~</datasheet>
      <libsource lib="Device" part="C_Small" description="Unpolarized capacitor, small symbol"/>
      <sheetpath names="/" tstamps="/"/>
      <tstamp>62F68AC4</tstamp>
    </comp>
    <comp ref="C2">
      <value>10uF</value>
      <footprint>sanproject-keyboard-part:C_0603</footprint>
      <datasheet>~</datasheet>
      <libsource lib="Device" part="C_Small" description="Unpolarized capacitor, small symbol"/>
      <sheetpath names="/" tstamps="/"/>
      <tstamp>62F68E29</tstamp>
    </comp>
    <comp ref="Y1">
      <value>16MHz</value>
      <footprint>Crystal:Resonator_SMD_muRata_CSTxExxV-3Pin_3.0x1.1mm</footprint>
      <datasheet>~</datasheet>
      <libsource lib="Device" part="Resonator_Small" description="Three pin ceramic resonator, small symbol"/>
      <sheetpath names="/" tstamps="/"/>
      <tstamp>62F73E1F</tstamp>
    </comp>
    <comp ref="R2">
      <value>22R</value>
      <footprint>sanproject-keyboard-part:R_0603</footprint>
      <datasheet>~</datasheet>
      <libsource lib="Device" part="R_Small" description="Resistor, small symbol"/>
      <sheetpath names="/" tstamps="/"/>
      <tstamp>62F8216C</tstamp>
    </comp>
    <comp ref="R3">
      <value>22R</value>
      <footprint>sanproject-keyboard-part:R_0603</footprint>
      <datasheet>~</datasheet>
      <libsource lib="Device" part="R_Small" description="Resistor, small symbol"/>
      <sheetpath names="/" tstamps="/"/>
      <tstamp>62F827B0</tstamp>
    </comp>
    <comp ref="J1">
      <value>Daughterboard</value>
      <footprint>sanproject-keyboard-part:JST-SR-4</footprint>
      <datasheet>~</datasheet>
      <libsource lib="Connector" part="Conn_01x04_Female" description="Generic connector, single row, 01x04, script generated (kicad-library-utils/schlib/autogen/connector/)"/>
      <sheetpath names="/" tstamps="/"/>
      <tstamp>62F90100</tstamp>
    </comp>
    <comp ref="SW1">
      <value>SW_Push</value>
      <footprint>sanproject-keyboard-part:SKQG-1155865-fix</footprint>
      <datasheet>~</datasheet>
      <libsource lib="Switch" part="SW_Push" description="Push button switch, generic, two pins"/>
      <sheetpath names="/" tstamps="/"/>
      <tstamp>6308C100</tstamp>
    </comp>
    <comp ref="R4">
      <value>10k</value>
      <footprint>sanproject-keyboard-part:R_0603</footprint>
      <datasheet>~</datasheet>
      <libsource lib="Device" part="R_Small" description="Resistor, small symbol"/>
      <sheetpath names="/" tstamps="/"/>
      <tstamp>63091745</tstamp>
    </comp>
    <comp ref="R5">
      <value>300R</value>
      <footprint>sanproject-keyboard-part:R_0603</footprint>
      <datasheet>~</datasheet>
      <libsource lib="Device" part="R_Small" description="Resistor, small symbol"/>
      <sheetpath names="/" tstamps="/"/>
      <tstamp>63219657</tstamp>
    </comp>
    <comp ref="J2">
      <value>Daughterboard</value>
      <footprint>sanproject-keyboard-part:JST-SR-4</footprint>
      <datasheet>~</datasheet>
      <libsource lib="Connector" part="Conn_01x04_Female" description="Generic connector, single row, 01x04, script generated (kicad-library-utils/schlib/autogen/connector/)"/>
      <sheetpath names="/" tstamps="/"/>
      <tstamp>630C88F5</tstamp>
    </comp>
    <comp ref="D1">
      <value>1N4148W</value>
      <footprint>sanproject-keyboard-part:DIODE_1206_SawnsProjects</footprint>
      <datasheet>~</datasheet>
      <libsource lib="Device" part="D_Small" description="Diode, small symbol"/>
      <sheetpath names="/Matrix/" tstamps="/62F279CE/"/>
      <tstamp>62F28770</tstamp>
    </comp>
    <comp ref="MX1">
      <value>1U</value>
      <footprint>MX_Solder_SawnsProjects:MXOnly-1U-NoLED</footprint>
      <libsource lib="random-keyboard-parts" part="MX-NoLED-MX_Alps_Hybrid" description=""/>
      <sheetpath names="/Matrix/" tstamps="/62F279CE/"/>
      <tstamp>62F29FCB</tstamp>
    </comp>
    <comp ref="MX2">
      <value>1U</value>
      <footprint>MX_Solder_SawnsProjects:MXOnly-1U-NoLED</footprint>
      <libsource lib="random-keyboard-parts" part="MX-NoLED-MX_Alps_Hybrid" description=""/>
      <sheetpath names="/Matrix/" tstamps="/62F279CE/"/>
      <tstamp>62F2DF4F</tstamp>
    </comp>
    <comp ref="D3">
      <value>1N4148W</value>
      <footprint>sanproject-keyboard-part:DIODE_1206_SawnsProjects</footprint>
      <datasheet>~</datasheet>
      <libsource lib="Device" part="D_Small" description="Diode, small symbol"/>
      <sheetpath names="/Matrix/" tstamps="/62F279CE/"/>
      <tstamp>62F30575</tstamp>
    </comp>
    <comp ref="MX3">
      <value>1U</value>
      <footprint>MX_Solder_SawnsProjects:MXOnly-1U-NoLED</footprint>
      <libsource lib="random-keyboard-parts" part="MX-NoLED-MX_Alps_Hybrid" description=""/>
      <sheetpath names="/Matrix/" tstamps="/62F279CE/"/>
      <tstamp>62F3057B</tstamp>
    </comp>
    <comp ref="D4">
      <value>1N4148W</value>
      <footprint>sanproject-keyboard-part:DIODE_1206_SawnsProjects</footprint>
      <datasheet>~</datasheet>
      <libsource lib="Device" part="D_Small" description="Diode, small symbol"/>
      <sheetpath names="/Matrix/" tstamps="/62F279CE/"/>
      <tstamp>62F30581</tstamp>
    </comp>
    <comp ref="MX4">
      <value>1U</value>
      <footprint>MX_Solder_SawnsProjects:MXOnly-1U-NoLED</footprint>
      <libsource lib="random-keyboard-parts" part="MX-NoLED-MX_Alps_Hybrid" description=""/>
      <sheetpath names="/Matrix/" tstamps="/62F279CE/"/>
      <tstamp>62F30587</tstamp>
    </comp>
    <comp ref="D5">
      <value>1N4148W</value>
      <footprint>sanproject-keyboard-part:DIODE_1206_SawnsProjects</footprint>
      <datasheet>~</datasheet>
      <libsource lib="Device" part="D_Small" description="Diode, small symbol"/>
      <sheetpath names="/Matrix/" tstamps="/62F279CE/"/>
      <tstamp>62F348BD</tstamp>
    </comp>
    <comp ref="MX5">
      <value>1U</value>
      <footprint>MX_Solder_SawnsProjects:MXOnly-1U-NoLED</footprint>
      <libsource lib="random-keyboard-parts" part="MX-NoLED-MX_Alps_Hybrid" description=""/>
      <sheetpath names="/Matrix/" tstamps="/62F279CE/"/>
      <tstamp>62F348C3</tstamp>
    </comp>
    <comp ref="D6">
      <value>1N4148W</value>
      <footprint>sanproject-keyboard-part:DIODE_1206_SawnsProjects</footprint>
      <datasheet>~</datasheet>
      <libsource lib="Device" part="D_Small" description="Diode, small symbol"/>
      <sheetpath names="/Matrix/" tstamps="/62F279CE/"/>
      <tstamp>62F348C9</tstamp>
    </comp>
    <comp ref="MX6">
      <value>1U</value>
      <footprint>MX_Solder_SawnsProjects:MXOnly-1U-NoLED</footprint>
      <libsource lib="random-keyboard-parts" part="MX-NoLED-MX_Alps_Hybrid" description=""/>
      <sheetpath names="/Matrix/" tstamps="/62F279CE/"/>
      <tstamp>62F348CF</tstamp>
    </comp>
    <comp ref="D7">
      <value>1N4148W</value>
      <footprint>sanproject-keyboard-part:DIODE_1206_SawnsProjects</footprint>
      <datasheet>~</datasheet>
      <libsource lib="Device" part="D_Small" description="Diode, small symbol"/>
      <sheetpath names="/Matrix/" tstamps="/62F279CE/"/>
      <tstamp>62F348D7</tstamp>
    </comp>
    <comp ref="MX7">
      <value>1U</value>
      <footprint>MX_Solder_SawnsProjects:MXOnly-1U-NoLED</footprint>
      <libsource lib="random-keyboard-parts" part="MX-NoLED-MX_Alps_Hybrid" description=""/>
      <sheetpath names="/Matrix/" tstamps="/62F279CE/"/>
      <tstamp>62F348DD</tstamp>
    </comp>
    <comp ref="D8">
      <value>1N4148W</value>
      <footprint>sanproject-keyboard-part:DIODE_1206_SawnsProjects</footprint>
      <datasheet>~</datasheet>
      <libsource lib="Device" part="D_Small" description="Diode, small symbol"/>
      <sheetpath names="/Matrix/" tstamps="/62F279CE/"/>
      <tstamp>62F348E3</tstamp>
    </comp>
    <comp ref="MX8">
      <value>1U</value>
      <footprint>MX_Solder_SawnsProjects:MXOnly-1U-NoLED</footprint>
      <libsource lib="random-keyboard-parts" part="MX-NoLED-MX_Alps_Hybrid" description=""/>
      <sheetpath names="/Matrix/" tstamps="/62F279CE/"/>
      <tstamp>62F348E9</tstamp>
    </comp>
    <comp ref="D9">
      <value>1N4148W</value>
      <footprint>sanproject-keyboard-part:DIODE_1206_SawnsProjects</footprint>
      <datasheet>~</datasheet>
      <libsource lib="Device" part="D_Small" description="Diode, small symbol"/>
      <sheetpath names="/Matrix/" tstamps="/62F279CE/"/>
      <tstamp>62F2DD5A</tstamp>
    </comp>
    <comp ref="MX9">
      <value>1U</value>
      <footprint>MX_Solder_SawnsProjects:MXOnly-1U-NoLED</footprint>
      <libsource lib="random-keyboard-parts" part="MX-NoLED-MX_Alps_Hybrid" description=""/>
      <sheetpath names="/Matrix/" tstamps="/62F279CE/"/>
      <tstamp>62F2DD60</tstamp>
    </comp>
    <comp ref="D10">
      <value>1N4148W</value>
      <footprint>sanproject-keyboard-part:DIODE_1206_SawnsProjects</footprint>
      <datasheet>~</datasheet>
      <libsource lib="Device" part="D_Small" description="Diode, small symbol"/>
      <sheetpath names="/Matrix/" tstamps="/62F279CE/"/>
      <tstamp>62F2DD66</tstamp>
    </comp>
    <comp ref="MX10">
      <value>1U</value>
      <footprint>MX_Solder_SawnsProjects:MXOnly-1U-NoLED</footprint>
      <libsource lib="random-keyboard-parts" part="MX-NoLED-MX_Alps_Hybrid" description=""/>
      <sheetpath names="/Matrix/" tstamps="/62F279CE/"/>
      <tstamp>62F2DD6C</tstamp>
    </comp>
    <comp ref="D11">
      <value>1N4148W</value>
      <footprint>sanproject-keyboard-part:DIODE_1206_SawnsProjects</footprint>
      <datasheet>~</datasheet>
      <libsource lib="Device" part="D_Small" description="Diode, small symbol"/>
      <sheetpath names="/Matrix/" tstamps="/62F279CE/"/>
      <tstamp>62F2DD74</tstamp>
    </comp>
    <comp ref="MX11">
      <value>1U</value>
      <footprint>MX_Solder_SawnsProjects:MXOnly-1U-NoLED</footprint>
      <libsource lib="random-keyboard-parts" part="MX-NoLED-MX_Alps_Hybrid" description=""/>
      <sheetpath names="/Matrix/" tstamps="/62F279CE/"/>
      <tstamp>62F2DD7A</tstamp>
    </comp>
    <comp ref="D12">
      <value>1N4148W</value>
      <footprint>sanproject-keyboard-part:DIODE_1206_SawnsProjects</footprint>
      <datasheet>~</datasheet>
      <libsource lib="Device" part="D_Small" description="Diode, small symbol"/>
      <sheetpath names="/Matrix/" tstamps="/62F279CE/"/>
      <tstamp>62F2DD80</tstamp>
    </comp>
    <comp ref="MX12">
      <value>1U</value>
      <footprint>MX_Solder_SawnsProjects:MXOnly-1U-NoLED</footprint>
      <libsource lib="random-keyboard-parts" part="MX-NoLED-MX_Alps_Hybrid" description=""/>
      <sheetpath names="/Matrix/" tstamps="/62F279CE/"/>
      <tstamp>62F2DD86</tstamp>
    </comp>
    <comp ref="D13">
      <value>1N4148W</value>
      <footprint>sanproject-keyboard-part:DIODE_1206_SawnsProjects</footprint>
      <datasheet>~</datasheet>
      <libsource lib="Device" part="D_Small" description="Diode, small symbol"/>
      <sheetpath names="/Matrix/" tstamps="/62F279CE/"/>
      <tstamp>62F2DD8E</tstamp>
    </comp>
    <comp ref="MX13">
      <value>1U</value>
      <footprint>MX_Solder_SawnsProjects:MXOnly-1U-NoLED</footprint>
      <libsource lib="random-keyboard-parts" part="MX-NoLED-MX_Alps_Hybrid" description=""/>
      <sheetpath names="/Matrix/" tstamps="/62F279CE/"/>
      <tstamp>62F2DD94</tstamp>
    </comp>
    <comp ref="D14">
      <value>1N4148W</value>
      <footprint>sanproject-keyboard-part:DIODE_1206_SawnsProjects</footprint>
      <datasheet>~</datasheet>
      <libsource lib="Device" part="D_Small" description="Diode, small symbol"/>
      <sheetpath names="/Matrix/" tstamps="/62F279CE/"/>
      <tstamp>62F2DD9A</tstamp>
    </comp>
    <comp ref="MX14">
      <value>1U</value>
      <footprint>MX_Solder_SawnsProjects:MXOnly-1U-NoLED</footprint>
      <libsource lib="random-keyboard-parts" part="MX-NoLED-MX_Alps_Hybrid" description=""/>
      <sheetpath names="/Matrix/" tstamps="/62F279CE/"/>
      <tstamp>62F2DDA0</tstamp>
    </comp>
    <comp ref="D15">
      <value>1N4148W</value>
      <footprint>sanproject-keyboard-part:DIODE_1206_SawnsProjects</footprint>
      <datasheet>~</datasheet>
      <libsource lib="Device" part="D_Small" description="Diode, small symbol"/>
      <sheetpath names="/Matrix/" tstamps="/62F279CE/"/>
      <tstamp>62F2DDA8</tstamp>
    </comp>
    <comp ref="MX15">
      <value>1U</value>
      <footprint>MX_Solder_SawnsProjects:MXOnly-1U-NoLED</footprint>
      <libsource lib="random-keyboard-parts" part="MX-NoLED-MX_Alps_Hybrid" description=""/>
      <sheetpath names="/Matrix/" tstamps="/62F279CE/"/>
      <tstamp>62F2DDAE</tstamp>
    </comp>
    <comp ref="D17">
      <value>1N4148W</value>
      <footprint>sanproject-keyboard-part:DIODE_1206_SawnsProjects</footprint>
      <datasheet>~</datasheet>
      <libsource lib="Device" part="D_Small" description="Diode, small symbol"/>
      <sheetpath names="/Matrix/" tstamps="/62F279CE/"/>
      <tstamp>62F40C8B</tstamp>
    </comp>
    <comp ref="MX17">
      <value>1.5U</value>
      <footprint>MX_Solder_SawnsProjects:MXOnly-1.5U-NoLED</footprint>
      <libsource lib="random-keyboard-parts" part="MX-NoLED-MX_Alps_Hybrid" description=""/>
      <sheetpath names="/Matrix/" tstamps="/62F279CE/"/>
      <tstamp>62F40C91</tstamp>
    </comp>
    <comp ref="D18">
      <value>1N4148W</value>
      <footprint>sanproject-keyboard-part:DIODE_1206_SawnsProjects</footprint>
      <datasheet>~</datasheet>
      <libsource lib="Device" part="D_Small" description="Diode, small symbol"/>
      <sheetpath names="/Matrix/" tstamps="/62F279CE/"/>
      <tstamp>62F40C97</tstamp>
    </comp>
    <comp ref="MX18">
      <value>1U</value>
      <footprint>MX_Solder_SawnsProjects:MXOnly-1U-NoLED</footprint>
      <libsource lib="random-keyboard-parts" part="MX-NoLED-MX_Alps_Hybrid" description=""/>
      <sheetpath names="/Matrix/" tstamps="/62F279CE/"/>
      <tstamp>62F40C9D</tstamp>
    </comp>
    <comp ref="D19">
      <value>1N4148W</value>
      <footprint>sanproject-keyboard-part:DIODE_1206_SawnsProjects</footprint>
      <datasheet>~</datasheet>
      <libsource lib="Device" part="D_Small" description="Diode, small symbol"/>
      <sheetpath names="/Matrix/" tstamps="/62F279CE/"/>
      <tstamp>62F40CA5</tstamp>
    </comp>
    <comp ref="MX19">
      <value>1U</value>
      <footprint>MX_Solder_SawnsProjects:MXOnly-1U-NoLED</footprint>
      <libsource lib="random-keyboard-parts" part="MX-NoLED-MX_Alps_Hybrid" description=""/>
      <sheetpath names="/Matrix/" tstamps="/62F279CE/"/>
      <tstamp>62F40CAB</tstamp>
    </comp>
    <comp ref="D20">
      <value>1N4148W</value>
      <footprint>sanproject-keyboard-part:DIODE_1206_SawnsProjects</footprint>
      <datasheet>~</datasheet>
      <libsource lib="Device" part="D_Small" description="Diode, small symbol"/>
      <sheetpath names="/Matrix/" tstamps="/62F279CE/"/>
      <tstamp>62F40CB1</tstamp>
    </comp>
    <comp ref="MX20">
      <value>1U</value>
      <footprint>MX_Solder_SawnsProjects:MXOnly-1U-NoLED</footprint>
      <libsource lib="random-keyboard-parts" part="MX-NoLED-MX_Alps_Hybrid" description=""/>
      <sheetpath names="/Matrix/" tstamps="/62F279CE/"/>
      <tstamp>62F40CB7</tstamp>
    </comp>
    <comp ref="D21">
      <value>1N4148W</value>
      <footprint>sanproject-keyboard-part:DIODE_1206_SawnsProjects</footprint>
      <datasheet>~</datasheet>
      <libsource lib="Device" part="D_Small" description="Diode, small symbol"/>
      <sheetpath names="/Matrix/" tstamps="/62F279CE/"/>
      <tstamp>62F40CBF</tstamp>
    </comp>
    <comp ref="MX21">
      <value>1U</value>
      <footprint>MX_Solder_SawnsProjects:MXOnly-1U-NoLED</footprint>
      <libsource lib="random-keyboard-parts" part="MX-NoLED-MX_Alps_Hybrid" description=""/>
      <sheetpath names="/Matrix/" tstamps="/62F279CE/"/>
      <tstamp>62F40CC5</tstamp>
    </comp>
    <comp ref="D22">
      <value>1N4148W</value>
      <footprint>sanproject-keyboard-part:DIODE_1206_SawnsProjects</footprint>
      <datasheet>~</datasheet>
      <libsource lib="Device" part="D_Small" description="Diode, small symbol"/>
      <sheetpath names="/Matrix/" tstamps="/62F279CE/"/>
      <tstamp>62F40CCB</tstamp>
    </comp>
    <comp ref="MX22">
      <value>1U</value>
      <footprint>MX_Solder_SawnsProjects:MXOnly-1U-NoLED</footprint>
      <libsource lib="random-keyboard-parts" part="MX-NoLED-MX_Alps_Hybrid" description=""/>
      <sheetpath names="/Matrix/" tstamps="/62F279CE/"/>
      <tstamp>62F40CD1</tstamp>
    </comp>
    <comp ref="D23">
      <value>1N4148W</value>
      <footprint>sanproject-keyboard-part:DIODE_1206_SawnsProjects</footprint>
      <datasheet>~</datasheet>
      <libsource lib="Device" part="D_Small" description="Diode, small symbol"/>
      <sheetpath names="/Matrix/" tstamps="/62F279CE/"/>
      <tstamp>62F40CD9</tstamp>
    </comp>
    <comp ref="MX23">
      <value>1U</value>
      <footprint>MX_Solder_SawnsProjects:MXOnly-1U-NoLED</footprint>
      <libsource lib="random-keyboard-parts" part="MX-NoLED-MX_Alps_Hybrid" description=""/>
      <sheetpath names="/Matrix/" tstamps="/62F279CE/"/>
      <tstamp>62F40CDF</tstamp>
    </comp>
    <comp ref="D24">
      <value>1N4148W</value>
      <footprint>sanproject-keyboard-part:DIODE_1206_SawnsProjects</footprint>
      <datasheet>~</datasheet>
      <libsource lib="Device" part="D_Small" description="Diode, small symbol"/>
      <sheetpath names="/Matrix/" tstamps="/62F279CE/"/>
      <tstamp>62F40CE5</tstamp>
    </comp>
    <comp ref="MX24">
      <value>1U</value>
      <footprint>MX_Solder_SawnsProjects:MXOnly-1U-NoLED</footprint>
      <libsource lib="random-keyboard-parts" part="MX-NoLED-MX_Alps_Hybrid" description=""/>
      <sheetpath names="/Matrix/" tstamps="/62F279CE/"/>
      <tstamp>62F40CEB</tstamp>
    </comp>
    <comp ref="D25">
      <value>1N4148W</value>
      <footprint>sanproject-keyboard-part:DIODE_1206_SawnsProjects</footprint>
      <datasheet>~</datasheet>
      <libsource lib="Device" part="D_Small" description="Diode, small symbol"/>
      <sheetpath names="/Matrix/" tstamps="/62F279CE/"/>
      <tstamp>62F40CF3</tstamp>
    </comp>
    <comp ref="MX25">
      <value>1U</value>
      <footprint>MX_Solder_SawnsProjects:MXOnly-1U-NoLED</footprint>
      <libsource lib="random-keyboard-parts" part="MX-NoLED-MX_Alps_Hybrid" description=""/>
      <sheetpath names="/Matrix/" tstamps="/62F279CE/"/>
      <tstamp>62F40CF9</tstamp>
    </comp>
    <comp ref="D26">
      <value>1N4148W</value>
      <footprint>sanproject-keyboard-part:DIODE_1206_SawnsProjects</footprint>
      <datasheet>~</datasheet>
      <libsource lib="Device" part="D_Small" description="Diode, small symbol"/>
      <sheetpath names="/Matrix/" tstamps="/62F279CE/"/>
      <tstamp>62F40CFF</tstamp>
    </comp>
    <comp ref="MX26">
      <value>1U</value>
      <footprint>MX_Solder_SawnsProjects:MXOnly-1U-NoLED</footprint>
      <libsource lib="random-keyboard-parts" part="MX-NoLED-MX_Alps_Hybrid" description=""/>
      <sheetpath names="/Matrix/" tstamps="/62F279CE/"/>
      <tstamp>62F40D05</tstamp>
    </comp>
    <comp ref="D27">
      <value>1N4148W</value>
      <footprint>sanproject-keyboard-part:DIODE_1206_SawnsProjects</footprint>
      <datasheet>~</datasheet>
      <libsource lib="Device" part="D_Small" description="Diode, small symbol"/>
      <sheetpath names="/Matrix/" tstamps="/62F279CE/"/>
      <tstamp>62F40D0D</tstamp>
    </comp>
    <comp ref="MX27">
      <value>1U</value>
      <footprint>MX_Solder_SawnsProjects:MXOnly-1U-NoLED</footprint>
      <libsource lib="random-keyboard-parts" part="MX-NoLED-MX_Alps_Hybrid" description=""/>
      <sheetpath names="/Matrix/" tstamps="/62F279CE/"/>
      <tstamp>62F40D13</tstamp>
    </comp>
    <comp ref="D28">
      <value>1N4148W</value>
      <footprint>sanproject-keyboard-part:DIODE_1206_SawnsProjects</footprint>
      <datasheet>~</datasheet>
      <libsource lib="Device" part="D_Small" description="Diode, small symbol"/>
      <sheetpath names="/Matrix/" tstamps="/62F279CE/"/>
      <tstamp>62F40D19</tstamp>
    </comp>
    <comp ref="MX28">
      <value>1U</value>
      <footprint>MX_Solder_SawnsProjects:MXOnly-1U-NoLED</footprint>
      <libsource lib="random-keyboard-parts" part="MX-NoLED-MX_Alps_Hybrid" description=""/>
      <sheetpath names="/Matrix/" tstamps="/62F279CE/"/>
      <tstamp>62F40D1F</tstamp>
    </comp>
    <comp ref="D29">
      <value>1N4148W</value>
      <footprint>sanproject-keyboard-part:DIODE_1206_SawnsProjects</footprint>
      <datasheet>~</datasheet>
      <libsource lib="Device" part="D_Small" description="Diode, small symbol"/>
      <sheetpath names="/Matrix/" tstamps="/62F279CE/"/>
      <tstamp>62F40D27</tstamp>
    </comp>
    <comp ref="MX29">
      <value>1U</value>
      <footprint>MX_Solder_SawnsProjects:MXOnly-1U-NoLED</footprint>
      <libsource lib="random-keyboard-parts" part="MX-NoLED-MX_Alps_Hybrid" description=""/>
      <sheetpath names="/Matrix/" tstamps="/62F279CE/"/>
      <tstamp>62F40D2D</tstamp>
    </comp>
    <comp ref="D30">
      <value>1N4148W</value>
      <footprint>sanproject-keyboard-part:DIODE_1206_SawnsProjects</footprint>
      <datasheet>~</datasheet>
      <libsource lib="Device" part="D_Small" description="Diode, small symbol"/>
      <sheetpath names="/Matrix/" tstamps="/62F279CE/"/>
      <tstamp>62F40D33</tstamp>
    </comp>
    <comp ref="MX30">
      <value>1.5U</value>
      <footprint>MX_Solder_SawnsProjects:MXOnly-1.5U-NoLED</footprint>
      <libsource lib="random-keyboard-parts" part="MX-NoLED-MX_Alps_Hybrid" description=""/>
      <sheetpath names="/Matrix/" tstamps="/62F279CE/"/>
      <tstamp>62F40D39</tstamp>
    </comp>
    <comp ref="D33">
      <value>1N4148W</value>
      <footprint>sanproject-keyboard-part:DIODE_1206_SawnsProjects</footprint>
      <datasheet>~</datasheet>
      <libsource lib="Device" part="D_Small" description="Diode, small symbol"/>
      <sheetpath names="/Matrix/" tstamps="/62F279CE/"/>
      <tstamp>62F85CDD</tstamp>
    </comp>
    <comp ref="MX33">
      <value>1.75U</value>
      <footprint>MX_Solder_SawnsProjects:MXOnly-1.75U-NoLED</footprint>
      <libsource lib="random-keyboard-parts" part="MX-NoLED-MX_Alps_Hybrid" description=""/>
      <sheetpath names="/Matrix/" tstamps="/62F279CE/"/>
      <tstamp>62F85CE3</tstamp>
    </comp>
    <comp ref="D34">
      <value>1N4148W</value>
      <footprint>sanproject-keyboard-part:DIODE_1206_SawnsProjects</footprint>
      <datasheet>~</datasheet>
      <libsource lib="Device" part="D_Small" description="Diode, small symbol"/>
      <sheetpath names="/Matrix/" tstamps="/62F279CE/"/>
      <tstamp>62F85CE9</tstamp>
    </comp>
    <comp ref="MX34">
      <value>1U</value>
      <footprint>MX_Solder_SawnsProjects:MXOnly-1U-NoLED</footprint>
      <libsource lib="random-keyboard-parts" part="MX-NoLED-MX_Alps_Hybrid" description=""/>
      <sheetpath names="/Matrix/" tstamps="/62F279CE/"/>
      <tstamp>62F85CEF</tstamp>
    </comp>
    <comp ref="D35">
      <value>1N4148W</value>
      <footprint>sanproject-keyboard-part:DIODE_1206_SawnsProjects</footprint>
      <datasheet>~</datasheet>
      <libsource lib="Device" part="D_Small" description="Diode, small symbol"/>
      <sheetpath names="/Matrix/" tstamps="/62F279CE/"/>
      <tstamp>62F85CF7</tstamp>
    </comp>
    <comp ref="MX35">
      <value>1U</value>
      <footprint>MX_Solder_SawnsProjects:MXOnly-1U-NoLED</footprint>
      <libsource lib="random-keyboard-parts" part="MX-NoLED-MX_Alps_Hybrid" description=""/>
      <sheetpath names="/Matrix/" tstamps="/62F279CE/"/>
      <tstamp>62F85CFD</tstamp>
    </comp>
    <comp ref="D36">
      <value>1N4148W</value>
      <footprint>sanproject-keyboard-part:DIODE_1206_SawnsProjects</footprint>
      <datasheet>~</datasheet>
      <libsource lib="Device" part="D_Small" description="Diode, small symbol"/>
      <sheetpath names="/Matrix/" tstamps="/62F279CE/"/>
      <tstamp>62F85D03</tstamp>
    </comp>
    <comp ref="MX36">
      <value>1U</value>
      <footprint>MX_Solder_SawnsProjects:MXOnly-1U-NoLED</footprint>
      <libsource lib="random-keyboard-parts" part="MX-NoLED-MX_Alps_Hybrid" description=""/>
      <sheetpath names="/Matrix/" tstamps="/62F279CE/"/>
      <tstamp>62F85D09</tstamp>
    </comp>
    <comp ref="D37">
      <value>1N4148W</value>
      <footprint>sanproject-keyboard-part:DIODE_1206_SawnsProjects</footprint>
      <datasheet>~</datasheet>
      <libsource lib="Device" part="D_Small" description="Diode, small symbol"/>
      <sheetpath names="/Matrix/" tstamps="/62F279CE/"/>
      <tstamp>62F85D11</tstamp>
    </comp>
    <comp ref="MX37">
      <value>1U</value>
      <footprint>MX_Solder_SawnsProjects:MXOnly-1U-NoLED</footprint>
      <libsource lib="random-keyboard-parts" part="MX-NoLED-MX_Alps_Hybrid" description=""/>
      <sheetpath names="/Matrix/" tstamps="/62F279CE/"/>
      <tstamp>62F85D17</tstamp>
    </comp>
    <comp ref="D38">
      <value>1N4148W</value>
      <footprint>sanproject-keyboard-part:DIODE_1206_SawnsProjects</footprint>
      <datasheet>~</datasheet>
      <libsource lib="Device" part="D_Small" description="Diode, small symbol"/>
      <sheetpath names="/Matrix/" tstamps="/62F279CE/"/>
      <tstamp>62F85D1D</tstamp>
    </comp>
    <comp ref="MX38">
      <value>1U</value>
      <footprint>MX_Solder_SawnsProjects:MXOnly-1U-NoLED</footprint>
      <libsource lib="random-keyboard-parts" part="MX-NoLED-MX_Alps_Hybrid" description=""/>
      <sheetpath names="/Matrix/" tstamps="/62F279CE/"/>
      <tstamp>62F85D23</tstamp>
    </comp>
    <comp ref="D39">
      <value>1N4148W</value>
      <footprint>sanproject-keyboard-part:DIODE_1206_SawnsProjects</footprint>
      <datasheet>~</datasheet>
      <libsource lib="Device" part="D_Small" description="Diode, small symbol"/>
      <sheetpath names="/Matrix/" tstamps="/62F279CE/"/>
      <tstamp>62F85D2B</tstamp>
    </comp>
    <comp ref="MX39">
      <value>1U</value>
      <footprint>MX_Solder_SawnsProjects:MXOnly-1U-NoLED</footprint>
      <libsource lib="random-keyboard-parts" part="MX-NoLED-MX_Alps_Hybrid" description=""/>
      <sheetpath names="/Matrix/" tstamps="/62F279CE/"/>
      <tstamp>62F85D31</tstamp>
    </comp>
    <comp ref="D40">
      <value>1N4148W</value>
      <footprint>sanproject-keyboard-part:DIODE_1206_SawnsProjects</footprint>
      <datasheet>~</datasheet>
      <libsource lib="Device" part="D_Small" description="Diode, small symbol"/>
      <sheetpath names="/Matrix/" tstamps="/62F279CE/"/>
      <tstamp>62F85D37</tstamp>
    </comp>
    <comp ref="MX40">
      <value>1U</value>
      <footprint>MX_Solder_SawnsProjects:MXOnly-1U-NoLED</footprint>
      <libsource lib="random-keyboard-parts" part="MX-NoLED-MX_Alps_Hybrid" description=""/>
      <sheetpath names="/Matrix/" tstamps="/62F279CE/"/>
      <tstamp>62F85D3D</tstamp>
    </comp>
    <comp ref="D41">
      <value>1N4148W</value>
      <footprint>sanproject-keyboard-part:DIODE_1206_SawnsProjects</footprint>
      <datasheet>~</datasheet>
      <libsource lib="Device" part="D_Small" description="Diode, small symbol"/>
      <sheetpath names="/Matrix/" tstamps="/62F279CE/"/>
      <tstamp>62F85D45</tstamp>
    </comp>
    <comp ref="MX41">
      <value>1U</value>
      <footprint>MX_Solder_SawnsProjects:MXOnly-1U-NoLED</footprint>
      <libsource lib="random-keyboard-parts" part="MX-NoLED-MX_Alps_Hybrid" description=""/>
      <sheetpath names="/Matrix/" tstamps="/62F279CE/"/>
      <tstamp>62F85D4B</tstamp>
    </comp>
    <comp ref="D42">
      <value>1N4148W</value>
      <footprint>sanproject-keyboard-part:DIODE_1206_SawnsProjects</footprint>
      <datasheet>~</datasheet>
      <libsource lib="Device" part="D_Small" description="Diode, small symbol"/>
      <sheetpath names="/Matrix/" tstamps="/62F279CE/"/>
      <tstamp>62F85D51</tstamp>
    </comp>
    <comp ref="MX42">
      <value>1U</value>
      <footprint>MX_Solder_SawnsProjects:MXOnly-1U-NoLED</footprint>
      <libsource lib="random-keyboard-parts" part="MX-NoLED-MX_Alps_Hybrid" description=""/>
      <sheetpath names="/Matrix/" tstamps="/62F279CE/"/>
      <tstamp>62F85D57</tstamp>
    </comp>
    <comp ref="D43">
      <value>1N4148W</value>
      <footprint>sanproject-keyboard-part:DIODE_1206_SawnsProjects</footprint>
      <datasheet>~</datasheet>
      <libsource lib="Device" part="D_Small" description="Diode, small symbol"/>
      <sheetpath names="/Matrix/" tstamps="/62F279CE/"/>
      <tstamp>62F85D5F</tstamp>
    </comp>
    <comp ref="MX43">
      <value>1U</value>
      <footprint>MX_Solder_SawnsProjects:MXOnly-1U-NoLED</footprint>
      <libsource lib="random-keyboard-parts" part="MX-NoLED-MX_Alps_Hybrid" description=""/>
      <sheetpath names="/Matrix/" tstamps="/62F279CE/"/>
      <tstamp>62F85D65</tstamp>
    </comp>
    <comp ref="D44">
      <value>1N4148W</value>
      <footprint>sanproject-keyboard-part:DIODE_1206_SawnsProjects</footprint>
      <datasheet>~</datasheet>
      <libsource lib="Device" part="D_Small" description="Diode, small symbol"/>
      <sheetpath names="/Matrix/" tstamps="/62F279CE/"/>
      <tstamp>62F85D6B</tstamp>
    </comp>
    <comp ref="MX44">
      <value>1U</value>
      <footprint>MX_Solder_SawnsProjects:MXOnly-1U-NoLED</footprint>
      <libsource lib="random-keyboard-parts" part="MX-NoLED-MX_Alps_Hybrid" description=""/>
      <sheetpath names="/Matrix/" tstamps="/62F279CE/"/>
      <tstamp>62F85D71</tstamp>
    </comp>
    <comp ref="D45">
      <value>1N4148W</value>
      <footprint>sanproject-keyboard-part:DIODE_1206_SawnsProjects</footprint>
      <datasheet>~</datasheet>
      <libsource lib="Device" part="D_Small" description="Diode, small symbol"/>
      <sheetpath names="/Matrix/" tstamps="/62F279CE/"/>
      <tstamp>62F85D79</tstamp>
    </comp>
    <comp ref="MX45">
      <value>2.25U</value>
      <footprint>MX_Solder_SawnsProjects:MXOnly-2.25U-ReversedStabilizers-NoLED</footprint>
      <libsource lib="random-keyboard-parts" part="MX-NoLED-MX_Alps_Hybrid" description=""/>
      <sheetpath names="/Matrix/" tstamps="/62F279CE/"/>
      <tstamp>62F85D7F</tstamp>
    </comp>
    <comp ref="D49">
      <value>1N4148W</value>
      <footprint>sanproject-keyboard-part:DIODE_1206_SawnsProjects</footprint>
      <datasheet>~</datasheet>
      <libsource lib="Device" part="D_Small" description="Diode, small symbol"/>
      <sheetpath names="/Matrix/" tstamps="/62F279CE/"/>
      <tstamp>62FC2314</tstamp>
    </comp>
    <comp ref="MX49">
      <value>1.25U</value>
      <footprint>MX_Solder_SawnsProjects:MXOnly-1.25U-NoLED</footprint>
      <libsource lib="random-keyboard-parts" part="MX-NoLED-MX_Alps_Hybrid" description=""/>
      <sheetpath names="/Matrix/" tstamps="/62F279CE/"/>
      <tstamp>62FC231A</tstamp>
    </comp>
    <comp ref="D50">
      <value>1N4148W</value>
      <footprint>sanproject-keyboard-part:DIODE_1206_SawnsProjects</footprint>
      <datasheet>~</datasheet>
      <libsource lib="Device" part="D_Small" description="Diode, small symbol"/>
      <sheetpath names="/Matrix/" tstamps="/62F279CE/"/>
      <tstamp>62FC2320</tstamp>
    </comp>
    <comp ref="MX50">
      <value>1U</value>
      <footprint>MX_Solder_SawnsProjects:MXOnly-1U-NoLED</footprint>
      <libsource lib="random-keyboard-parts" part="MX-NoLED-MX_Alps_Hybrid" description=""/>
      <sheetpath names="/Matrix/" tstamps="/62F279CE/"/>
      <tstamp>62FC2326</tstamp>
    </comp>
    <comp ref="D51">
      <value>1N4148W</value>
      <footprint>sanproject-keyboard-part:DIODE_1206_SawnsProjects</footprint>
      <datasheet>~</datasheet>
      <libsource lib="Device" part="D_Small" description="Diode, small symbol"/>
      <sheetpath names="/Matrix/" tstamps="/62F279CE/"/>
      <tstamp>62FC232E</tstamp>
    </comp>
    <comp ref="MX51">
      <value>1U</value>
      <footprint>MX_Solder_SawnsProjects:MXOnly-1U-NoLED</footprint>
      <libsource lib="random-keyboard-parts" part="MX-NoLED-MX_Alps_Hybrid" description=""/>
      <sheetpath names="/Matrix/" tstamps="/62F279CE/"/>
      <tstamp>62FC2334</tstamp>
    </comp>
    <comp ref="D52">
      <value>1N4148W</value>
      <footprint>sanproject-keyboard-part:DIODE_1206_SawnsProjects</footprint>
      <datasheet>~</datasheet>
      <libsource lib="Device" part="D_Small" description="Diode, small symbol"/>
      <sheetpath names="/Matrix/" tstamps="/62F279CE/"/>
      <tstamp>62FC233A</tstamp>
    </comp>
    <comp ref="MX52">
      <value>1U</value>
      <footprint>MX_Solder_SawnsProjects:MXOnly-1U-NoLED</footprint>
      <libsource lib="random-keyboard-parts" part="MX-NoLED-MX_Alps_Hybrid" description=""/>
      <sheetpath names="/Matrix/" tstamps="/62F279CE/"/>
      <tstamp>62FC2340</tstamp>
    </comp>
    <comp ref="D53">
      <value>1N4148W</value>
      <footprint>sanproject-keyboard-part:DIODE_1206_SawnsProjects</footprint>
      <datasheet>~</datasheet>
      <libsource lib="Device" part="D_Small" description="Diode, small symbol"/>
      <sheetpath names="/Matrix/" tstamps="/62F279CE/"/>
      <tstamp>62FC2348</tstamp>
    </comp>
    <comp ref="MX53">
      <value>1U</value>
      <footprint>MX_Solder_SawnsProjects:MXOnly-1U-NoLED</footprint>
      <libsource lib="random-keyboard-parts" part="MX-NoLED-MX_Alps_Hybrid" description=""/>
      <sheetpath names="/Matrix/" tstamps="/62F279CE/"/>
      <tstamp>62FC234E</tstamp>
    </comp>
    <comp ref="D54">
      <value>1N4148W</value>
      <footprint>sanproject-keyboard-part:DIODE_1206_SawnsProjects</footprint>
      <datasheet>~</datasheet>
      <libsource lib="Device" part="D_Small" description="Diode, small symbol"/>
      <sheetpath names="/Matrix/" tstamps="/62F279CE/"/>
      <tstamp>62FC2354</tstamp>
    </comp>
    <comp ref="MX54">
      <value>1U</value>
      <footprint>MX_Solder_SawnsProjects:MXOnly-1U-NoLED</footprint>
      <libsource lib="random-keyboard-parts" part="MX-NoLED-MX_Alps_Hybrid" description=""/>
      <sheetpath names="/Matrix/" tstamps="/62F279CE/"/>
      <tstamp>62FC235A</tstamp>
    </comp>
    <comp ref="D55">
      <value>1N4148W</value>
      <footprint>sanproject-keyboard-part:DIODE_1206_SawnsProjects</footprint>
      <datasheet>~</datasheet>
      <libsource lib="Device" part="D_Small" description="Diode, small symbol"/>
      <sheetpath names="/Matrix/" tstamps="/62F279CE/"/>
      <tstamp>62FC2362</tstamp>
    </comp>
    <comp ref="MX55">
      <value>1U</value>
      <footprint>MX_Solder_SawnsProjects:MXOnly-1U-NoLED</footprint>
      <libsource lib="random-keyboard-parts" part="MX-NoLED-MX_Alps_Hybrid" description=""/>
      <sheetpath names="/Matrix/" tstamps="/62F279CE/"/>
      <tstamp>62FC2368</tstamp>
    </comp>
    <comp ref="D56">
      <value>1N4148W</value>
      <footprint>sanproject-keyboard-part:DIODE_1206_SawnsProjects</footprint>
      <datasheet>~</datasheet>
      <libsource lib="Device" part="D_Small" description="Diode, small symbol"/>
      <sheetpath names="/Matrix/" tstamps="/62F279CE/"/>
      <tstamp>62FC236E</tstamp>
    </comp>
    <comp ref="MX56">
      <value>1U</value>
      <footprint>MX_Solder_SawnsProjects:MXOnly-1U-NoLED</footprint>
      <libsource lib="random-keyboard-parts" part="MX-NoLED-MX_Alps_Hybrid" description=""/>
      <sheetpath names="/Matrix/" tstamps="/62F279CE/"/>
      <tstamp>62FC2374</tstamp>
    </comp>
    <comp ref="D57">
      <value>1N4148W</value>
      <footprint>sanproject-keyboard-part:DIODE_1206_SawnsProjects</footprint>
      <datasheet>~</datasheet>
      <libsource lib="Device" part="D_Small" description="Diode, small symbol"/>
      <sheetpath names="/Matrix/" tstamps="/62F279CE/"/>
      <tstamp>62FC237C</tstamp>
    </comp>
    <comp ref="MX57">
      <value>1U</value>
      <footprint>MX_Solder_SawnsProjects:MXOnly-1U-NoLED</footprint>
      <libsource lib="random-keyboard-parts" part="MX-NoLED-MX_Alps_Hybrid" description=""/>
      <sheetpath names="/Matrix/" tstamps="/62F279CE/"/>
      <tstamp>62FC2382</tstamp>
    </comp>
    <comp ref="D58">
      <value>1N4148W</value>
      <footprint>sanproject-keyboard-part:DIODE_1206_SawnsProjects</footprint>
      <datasheet>~</datasheet>
      <libsource lib="Device" part="D_Small" description="Diode, small symbol"/>
      <sheetpath names="/Matrix/" tstamps="/62F279CE/"/>
      <tstamp>62FC2388</tstamp>
    </comp>
    <comp ref="MX58">
      <value>1U</value>
      <footprint>MX_Solder_SawnsProjects:MXOnly-1U-NoLED</footprint>
      <libsource lib="random-keyboard-parts" part="MX-NoLED-MX_Alps_Hybrid" description=""/>
      <sheetpath names="/Matrix/" tstamps="/62F279CE/"/>
      <tstamp>62FC238E</tstamp>
    </comp>
    <comp ref="D59">
      <value>1N4148W</value>
      <footprint>sanproject-keyboard-part:DIODE_1206_SawnsProjects</footprint>
      <datasheet>~</datasheet>
      <libsource lib="Device" part="D_Small" description="Diode, small symbol"/>
      <sheetpath names="/Matrix/" tstamps="/62F279CE/"/>
      <tstamp>62FC2396</tstamp>
    </comp>
    <comp ref="MX59">
      <value>1U</value>
      <footprint>MX_Solder_SawnsProjects:MXOnly-1U-NoLED</footprint>
      <libsource lib="random-keyboard-parts" part="MX-NoLED-MX_Alps_Hybrid" description=""/>
      <sheetpath names="/Matrix/" tstamps="/62F279CE/"/>
      <tstamp>62FC239C</tstamp>
    </comp>
    <comp ref="D60">
      <value>1N4148W</value>
      <footprint>sanproject-keyboard-part:DIODE_1206_SawnsProjects</footprint>
      <datasheet>~</datasheet>
      <libsource lib="Device" part="D_Small" description="Diode, small symbol"/>
      <sheetpath names="/Matrix/" tstamps="/62F279CE/"/>
      <tstamp>62FC23A2</tstamp>
    </comp>
    <comp ref="MX60">
      <value>1U</value>
      <footprint>MX_Solder_SawnsProjects:MXOnly-1U-NoLED</footprint>
      <libsource lib="random-keyboard-parts" part="MX-NoLED-MX_Alps_Hybrid" description=""/>
      <sheetpath names="/Matrix/" tstamps="/62F279CE/"/>
      <tstamp>62FC23A8</tstamp>
    </comp>
    <comp ref="D62">
      <value>1N4148W</value>
      <footprint>sanproject-keyboard-part:DIODE_1206_SawnsProjects</footprint>
      <datasheet>~</datasheet>
      <libsource lib="Device" part="D_Small" description="Diode, small symbol"/>
      <sheetpath names="/Matrix/" tstamps="/62F279CE/"/>
      <tstamp>62FC23BC</tstamp>
    </comp>
    <comp ref="MX62">
      <value>1.75U</value>
      <footprint>MX_Solder_SawnsProjects:MXOnly-1.75U-NoLED</footprint>
      <libsource lib="random-keyboard-parts" part="MX-NoLED-MX_Alps_Hybrid" description=""/>
      <sheetpath names="/Matrix/" tstamps="/62F279CE/"/>
      <tstamp>62FC23C2</tstamp>
    </comp>
    <comp ref="D63">
      <value>1N4148W</value>
      <footprint>sanproject-keyboard-part:DIODE_1206_SawnsProjects</footprint>
      <datasheet>~</datasheet>
      <libsource lib="Device" part="D_Small" description="Diode, small symbol"/>
      <sheetpath names="/Matrix/" tstamps="/62F279CE/"/>
      <tstamp>62FC23CA</tstamp>
    </comp>
    <comp ref="MX63">
      <value>1U</value>
      <footprint>MX_Solder_SawnsProjects:MXOnly-1U-NoLED</footprint>
      <libsource lib="random-keyboard-parts" part="MX-NoLED-MX_Alps_Hybrid" description=""/>
      <sheetpath names="/Matrix/" tstamps="/62F279CE/"/>
      <tstamp>62FC23D0</tstamp>
    </comp>
    <comp ref="MX65">
      <value>1.25U</value>
      <footprint>MX_Solder_SawnsProjects:MXOnly-1.25U-NoLED</footprint>
      <libsource lib="random-keyboard-parts" part="MX-NoLED-MX_Alps_Hybrid" description=""/>
      <sheetpath names="/Matrix/" tstamps="/62F279CE/"/>
      <tstamp>6301F811</tstamp>
    </comp>
    <comp ref="D65">
      <value>1N4148W</value>
      <footprint>sanproject-keyboard-part:DIODE_1206_SawnsProjects</footprint>
      <datasheet>~</datasheet>
      <libsource lib="Device" part="D_Small" description="Diode, small symbol"/>
      <sheetpath names="/Matrix/" tstamps="/62F279CE/"/>
      <tstamp>63041DAD</tstamp>
    </comp>
    <comp ref="MX66">
      <value>1.25U</value>
      <footprint>MX_Solder_SawnsProjects:MXOnly-1.25U-NoLED</footprint>
      <libsource lib="random-keyboard-parts" part="MX-NoLED-MX_Alps_Hybrid" description=""/>
      <sheetpath names="/Matrix/" tstamps="/62F279CE/"/>
      <tstamp>63041DB3</tstamp>
    </comp>
    <comp ref="D66">
      <value>1N4148W</value>
      <footprint>sanproject-keyboard-part:DIODE_1206_SawnsProjects</footprint>
      <datasheet>~</datasheet>
      <libsource lib="Device" part="D_Small" description="Diode, small symbol"/>
      <sheetpath names="/Matrix/" tstamps="/62F279CE/"/>
      <tstamp>63041DB9</tstamp>
    </comp>
    <comp ref="D67">
      <value>1N4148W</value>
      <footprint>sanproject-keyboard-part:DIODE_1206_SawnsProjects</footprint>
      <datasheet>~</datasheet>
      <libsource lib="Device" part="D_Small" description="Diode, small symbol"/>
      <sheetpath names="/Matrix/" tstamps="/62F279CE/"/>
      <tstamp>63041DC7</tstamp>
    </comp>
    <comp ref="D69">
      <value>1N4148W</value>
      <footprint>sanproject-keyboard-part:DIODE_1206_SawnsProjects</footprint>
      <datasheet>~</datasheet>
      <libsource lib="Device" part="D_Small" description="Diode, small symbol"/>
      <sheetpath names="/Matrix/" tstamps="/62F279CE/"/>
      <tstamp>63041DE1</tstamp>
    </comp>
    <comp ref="MX70">
      <value>6.25U</value>
      <footprint>MX_Solder_SawnsProjects:MXOnly-6.25U-ReversedStabilizers-NoLED</footprint>
      <libsource lib="random-keyboard-parts" part="MX-NoLED-MX_Alps_Hybrid" description=""/>
      <sheetpath names="/Matrix/" tstamps="/62F279CE/"/>
      <tstamp>63041DE7</tstamp>
    </comp>
    <comp ref="MX67">
      <value>1.25U</value>
      <footprint>MX_Solder_SawnsProjects:MXOnly-1.25U-NoLED</footprint>
      <libsource lib="random-keyboard-parts" part="MX-NoLED-MX_Alps_Hybrid" description=""/>
      <sheetpath names="/Matrix/" tstamps="/62F279CE/"/>
      <tstamp>63070D60</tstamp>
    </comp>
    <comp ref="MX68">
      <value>1.25U</value>
      <footprint>MX_Solder_SawnsProjects:MXOnly-1.25U-NoLED</footprint>
      <libsource lib="random-keyboard-parts" part="MX-NoLED-MX_Alps_Hybrid" description=""/>
      <sheetpath names="/Matrix/" tstamps="/62F279CE/"/>
      <tstamp>6307162C</tstamp>
    </comp>
    <comp ref="D70">
      <value>1N4148W</value>
      <footprint>sanproject-keyboard-part:DIODE_1206_SawnsProjects</footprint>
      <datasheet>~</datasheet>
      <libsource lib="Device" part="D_Small" description="Diode, small symbol"/>
      <sheetpath names="/Matrix/" tstamps="/62F279CE/"/>
      <tstamp>630B27D0</tstamp>
    </comp>
    <comp ref="D68">
      <value>1N4148W</value>
      <footprint>sanproject-keyboard-part:DIODE_1206_SawnsProjects</footprint>
      <datasheet>~</datasheet>
      <libsource lib="Device" part="D_Small" description="Diode, small symbol"/>
      <sheetpath names="/Matrix/" tstamps="/62F279CE/"/>
      <tstamp>630B27C9</tstamp>
    </comp>
    <comp ref="D71">
      <value>1N4148W</value>
      <footprint>sanproject-keyboard-part:DIODE_1206_SawnsProjects</footprint>
      <datasheet>~</datasheet>
      <libsource lib="Device" part="D_Small" description="Diode, small symbol"/>
      <sheetpath names="/Matrix/" tstamps="/62F279CE/"/>
      <tstamp>630D6839</tstamp>
    </comp>
    <comp ref="D72">
      <value>1N4148W</value>
      <footprint>sanproject-keyboard-part:DIODE_1206_SawnsProjects</footprint>
      <datasheet>~</datasheet>
      <libsource lib="Device" part="D_Small" description="Diode, small symbol"/>
      <sheetpath names="/Matrix/" tstamps="/62F279CE/"/>
      <tstamp>630C29E5</tstamp>
    </comp>
    <comp ref="MX73">
      <value>1U</value>
      <footprint>MX_Solder_SawnsProjects:MXOnly-1U-NoLED</footprint>
      <libsource lib="random-keyboard-parts" part="MX-NoLED-MX_Alps_Hybrid" description=""/>
      <sheetpath names="/Matrix/" tstamps="/62F279CE/"/>
      <tstamp>630BED8C</tstamp>
    </comp>
    <comp ref="MX31">
      <value>2.25U</value>
      <footprint>MX_Solder_SawnsProjects:MXOnly-2.25U-NoLED</footprint>
      <libsource lib="random-keyboard-parts" part="MX-NoLED-MX_Alps_Hybrid" description=""/>
      <sheetpath names="/Matrix/" tstamps="/62F279CE/"/>
      <tstamp>62F5D3AC</tstamp>
    </comp>
    <comp ref="D2">
      <value>1N4148W</value>
      <footprint>sanproject-keyboard-part:DIODE_1206_SawnsProjects</footprint>
      <datasheet>~</datasheet>
      <libsource lib="Device" part="D_Small" description="Diode, small symbol"/>
      <sheetpath names="/Matrix/" tstamps="/62F279CE/"/>
      <tstamp>62F2DF49</tstamp>
    </comp>
    <comp ref="RGB1">
      <value>WS2812B</value>
      <footprint>sanproject-keyboard-part:LED_WS2812B_PLCC4_5.0x5.0mm_P3.2mm</footprint>
      <datasheet>https://cdn-shop.adafruit.com/datasheets/WS2812B.pdf</datasheet>
      <libsource lib="LED" part="WS2812B" description="RGB LED with integrated controller"/>
      <sheetpath names="/Matrix/" tstamps="/62F279CE/"/>
      <tstamp>62FCABAC</tstamp>
    </comp>
    <comp ref="RGB2">
      <value>WS2812B</value>
      <footprint>sanproject-keyboard-part:LED_WS2812B_PLCC4_5.0x5.0mm_P3.2mm</footprint>
      <datasheet>https://cdn-shop.adafruit.com/datasheets/WS2812B.pdf</datasheet>
      <libsource lib="LED" part="WS2812B" description="RGB LED with integrated controller"/>
      <sheetpath names="/Matrix/" tstamps="/62F279CE/"/>
      <tstamp>62FCF2C8</tstamp>
    </comp>
    <comp ref="RGB3">
      <value>WS2812B</value>
      <footprint>sanproject-keyboard-part:LED_WS2812B_PLCC4_5.0x5.0mm_P3.2mm</footprint>
      <datasheet>https://cdn-shop.adafruit.com/datasheets/WS2812B.pdf</datasheet>
      <libsource lib="LED" part="WS2812B" description="RGB LED with integrated controller"/>
      <sheetpath names="/Matrix/" tstamps="/62F279CE/"/>
      <tstamp>62FF014E</tstamp>
    </comp>
    <comp ref="RGB4">
      <value>WS2812B</value>
      <footprint>sanproject-keyboard-part:LED_WS2812B_PLCC4_5.0x5.0mm_P3.2mm</footprint>
      <datasheet>https://cdn-shop.adafruit.com/datasheets/WS2812B.pdf</datasheet>
      <libsource lib="LED" part="WS2812B" description="RGB LED with integrated controller"/>
      <sheetpath names="/Matrix/" tstamps="/62F279CE/"/>
      <tstamp>62FF0154</tstamp>
    </comp>
    <comp ref="RGB5">
      <value>WS2812B</value>
      <footprint>sanproject-keyboard-part:LED_WS2812B_PLCC4_5.0x5.0mm_P3.2mm</footprint>
      <datasheet>https://cdn-shop.adafruit.com/datasheets/WS2812B.pdf</datasheet>
      <libsource lib="LED" part="WS2812B" description="RGB LED with integrated controller"/>
      <sheetpath names="/Matrix/" tstamps="/62F279CE/"/>
      <tstamp>62FFA98D</tstamp>
    </comp>
    <comp ref="RGB6">
      <value>WS2812B</value>
      <footprint>sanproject-keyboard-part:LED_WS2812B_PLCC4_5.0x5.0mm_P3.2mm</footprint>
      <datasheet>https://cdn-shop.adafruit.com/datasheets/WS2812B.pdf</datasheet>
      <libsource lib="LED" part="WS2812B" description="RGB LED with integrated controller"/>
      <sheetpath names="/Matrix/" tstamps="/62F279CE/"/>
      <tstamp>62FFA993</tstamp>
    </comp>
    <comp ref="RGB7">
      <value>WS2812B</value>
      <footprint>sanproject-keyboard-part:LED_WS2812B_PLCC4_5.0x5.0mm_P3.2mm</footprint>
      <datasheet>https://cdn-shop.adafruit.com/datasheets/WS2812B.pdf</datasheet>
      <libsource lib="LED" part="WS2812B" description="RGB LED with integrated controller"/>
      <sheetpath names="/Matrix/" tstamps="/62F279CE/"/>
      <tstamp>6301AB9A</tstamp>
    </comp>
    <comp ref="RGB8">
      <value>WS2812B</value>
      <footprint>sanproject-keyboard-part:LED_WS2812B_PLCC4_5.0x5.0mm_P3.2mm</footprint>
      <datasheet>https://cdn-shop.adafruit.com/datasheets/WS2812B.pdf</datasheet>
      <libsource lib="LED" part="WS2812B" description="RGB LED with integrated controller"/>
      <sheetpath names="/Matrix/" tstamps="/62F279CE/"/>
      <tstamp>6301ABA0</tstamp>
    </comp>
    <comp ref="RGB9">
      <value>WS2812B</value>
      <footprint>sanproject-keyboard-part:LED_WS2812B_PLCC4_5.0x5.0mm_P3.2mm</footprint>
      <datasheet>https://cdn-shop.adafruit.com/datasheets/WS2812B.pdf</datasheet>
      <libsource lib="LED" part="WS2812B" description="RGB LED with integrated controller"/>
      <sheetpath names="/Matrix/" tstamps="/62F279CE/"/>
      <tstamp>6301ABA8</tstamp>
    </comp>
    <comp ref="MX46">
      <value>1U</value>
      <footprint>MX_Solder_SawnsProjects:MXOnly-2U-NoLED</footprint>
      <libsource lib="random-keyboard-parts" part="MX-NoLED-MX_Alps_Hybrid" description=""/>
      <sheetpath names="/Matrix/" tstamps="/62F279CE/"/>
      <tstamp>6303B1C2</tstamp>
    </comp>
    <comp ref="MX75">
      <value>1U</value>
      <footprint>MX_Solder_SawnsProjects:MXOnly-1U-NoLED</footprint>
      <libsource lib="random-keyboard-parts" part="MX-NoLED-MX_Alps_Hybrid" description=""/>
      <sheetpath names="/Matrix/" tstamps="/62F279CE/"/>
      <tstamp>631FA369</tstamp>
    </comp>
    <comp ref="MX47">
      <value>1.75U</value>
      <footprint>MX_Solder_SawnsProjects:MXOnly-1.75U-NoLED</footprint>
      <libsource lib="random-keyboard-parts" part="MX-NoLED-MX_Alps_Hybrid" description=""/>
      <sheetpath names="/Matrix/" tstamps="/62F279CE/"/>
      <tstamp>631FB2AD</tstamp>
    </comp>
    <comp ref="MX76">
      <value>2.75U</value>
      <footprint>MX_Solder_SawnsProjects:MXOnly-2.75U-NoLED</footprint>
      <libsource lib="random-keyboard-parts" part="MX-NoLED-MX_Alps_Hybrid" description=""/>
      <sheetpath names="/Matrix/" tstamps="/62F279CE/"/>
      <tstamp>6323DAE2</tstamp>
    </comp>
    <comp ref="MX48">
      <value>1U</value>
      <footprint>MX_Solder_SawnsProjects:MXOnly-1U-NoLED</footprint>
      <libsource lib="random-keyboard-parts" part="MX-NoLED-MX_Alps_Hybrid" description=""/>
      <sheetpath names="/Matrix/" tstamps="/62F279CE/"/>
      <tstamp>6302F7C1</tstamp>
    </comp>
    <comp ref="MX32">
      <value>1U</value>
      <footprint>MX_Solder_SawnsProjects:MXOnly-1U-NoLED</footprint>
      <libsource lib="random-keyboard-parts" part="MX-NoLED-MX_Alps_Hybrid" description=""/>
      <sheetpath names="/Matrix/" tstamps="/62F279CE/"/>
      <tstamp>6302FCF8</tstamp>
    </comp>
    <comp ref="MX16">
      <value>1U</value>
      <footprint>MX_Solder_SawnsProjects:MXOnly-1U-NoLED</footprint>
      <libsource lib="random-keyboard-parts" part="MX-NoLED-MX_Alps_Hybrid" description=""/>
      <sheetpath names="/Matrix/" tstamps="/62F279CE/"/>
      <tstamp>63030187</tstamp>
    </comp>
    <comp ref="RGB18">
      <value>WS2812B</value>
      <footprint>sanproject-keyboard-part:LED_WS2812B_PLCC4_5.0x5.0mm_P3.2mm</footprint>
      <datasheet>https://cdn-shop.adafruit.com/datasheets/WS2812B.pdf</datasheet>
      <libsource lib="LED" part="WS2812B" description="RGB LED with integrated controller"/>
      <sheetpath names="/Matrix/" tstamps="/62F279CE/"/>
      <tstamp>6304F47F</tstamp>
    </comp>
    <comp ref="RGB17">
      <value>WS2812B</value>
      <footprint>sanproject-keyboard-part:LED_WS2812B_PLCC4_5.0x5.0mm_P3.2mm</footprint>
      <datasheet>https://cdn-shop.adafruit.com/datasheets/WS2812B.pdf</datasheet>
      <libsource lib="LED" part="WS2812B" description="RGB LED with integrated controller"/>
      <sheetpath names="/Matrix/" tstamps="/62F279CE/"/>
      <tstamp>6304F485</tstamp>
    </comp>
    <comp ref="RGB16">
      <value>WS2812B</value>
      <footprint>sanproject-keyboard-part:LED_WS2812B_PLCC4_5.0x5.0mm_P3.2mm</footprint>
      <datasheet>https://cdn-shop.adafruit.com/datasheets/WS2812B.pdf</datasheet>
      <libsource lib="LED" part="WS2812B" description="RGB LED with integrated controller"/>
      <sheetpath names="/Matrix/" tstamps="/62F279CE/"/>
      <tstamp>6304F48D</tstamp>
    </comp>
    <comp ref="RGB15">
      <value>WS2812B</value>
      <footprint>sanproject-keyboard-part:LED_WS2812B_PLCC4_5.0x5.0mm_P3.2mm</footprint>
      <datasheet>https://cdn-shop.adafruit.com/datasheets/WS2812B.pdf</datasheet>
      <libsource lib="LED" part="WS2812B" description="RGB LED with integrated controller"/>
      <sheetpath names="/Matrix/" tstamps="/62F279CE/"/>
      <tstamp>6304F493</tstamp>
    </comp>
    <comp ref="RGB14">
      <value>WS2812B</value>
      <footprint>sanproject-keyboard-part:LED_WS2812B_PLCC4_5.0x5.0mm_P3.2mm</footprint>
      <datasheet>https://cdn-shop.adafruit.com/datasheets/WS2812B.pdf</datasheet>
      <libsource lib="LED" part="WS2812B" description="RGB LED with integrated controller"/>
      <sheetpath names="/Matrix/" tstamps="/62F279CE/"/>
      <tstamp>6304F49B</tstamp>
    </comp>
    <comp ref="RGB13">
      <value>WS2812B</value>
      <footprint>sanproject-keyboard-part:LED_WS2812B_PLCC4_5.0x5.0mm_P3.2mm</footprint>
      <datasheet>https://cdn-shop.adafruit.com/datasheets/WS2812B.pdf</datasheet>
      <libsource lib="LED" part="WS2812B" description="RGB LED with integrated controller"/>
      <sheetpath names="/Matrix/" tstamps="/62F279CE/"/>
      <tstamp>6304F4A1</tstamp>
    </comp>
    <comp ref="RGB12">
      <value>WS2812B</value>
      <footprint>sanproject-keyboard-part:LED_WS2812B_PLCC4_5.0x5.0mm_P3.2mm</footprint>
      <datasheet>https://cdn-shop.adafruit.com/datasheets/WS2812B.pdf</datasheet>
      <libsource lib="LED" part="WS2812B" description="RGB LED with integrated controller"/>
      <sheetpath names="/Matrix/" tstamps="/62F279CE/"/>
      <tstamp>6304F4A9</tstamp>
    </comp>
    <comp ref="RGB11">
      <value>WS2812B</value>
      <footprint>sanproject-keyboard-part:LED_WS2812B_PLCC4_5.0x5.0mm_P3.2mm</footprint>
      <datasheet>https://cdn-shop.adafruit.com/datasheets/WS2812B.pdf</datasheet>
      <libsource lib="LED" part="WS2812B" description="RGB LED with integrated controller"/>
      <sheetpath names="/Matrix/" tstamps="/62F279CE/"/>
      <tstamp>6304F4AF</tstamp>
    </comp>
    <comp ref="RGB10">
      <value>WS2812B</value>
      <footprint>sanproject-keyboard-part:LED_WS2812B_PLCC4_5.0x5.0mm_P3.2mm</footprint>
      <datasheet>https://cdn-shop.adafruit.com/datasheets/WS2812B.pdf</datasheet>
      <libsource lib="LED" part="WS2812B" description="RGB LED with integrated controller"/>
      <sheetpath names="/Matrix/" tstamps="/62F279CE/"/>
      <tstamp>6304F4B7</tstamp>
    </comp>
    <comp ref="MX64">
      <value>1.25U</value>
      <footprint>MX_Solder_SawnsProjects:MXOnly-1.25U-NoLED</footprint>
      <libsource lib="random-keyboard-parts" part="MX-NoLED-MX_Alps_Hybrid" description=""/>
      <sheetpath names="/Matrix/" tstamps="/62F279CE/"/>
      <tstamp>634E44EF</tstamp>
    </comp>
    <comp ref="MX74">
      <value>1.25U</value>
      <footprint>MX_Solder_SawnsProjects:MXOnly-1.25U-NoLED</footprint>
      <libsource lib="random-keyboard-parts" part="MX-NoLED-MX_Alps_Hybrid" description=""/>
      <sheetpath names="/Matrix/" tstamps="/62F279CE/"/>
      <tstamp>634E7EE2</tstamp>
    </comp>
    <comp ref="MX69">
      <value>1.25U</value>
      <footprint>MX_Solder_SawnsProjects:MXOnly-1.25U-NoLED</footprint>
      <libsource lib="random-keyboard-parts" part="MX-NoLED-MX_Alps_Hybrid" description=""/>
      <sheetpath names="/Matrix/" tstamps="/62F279CE/"/>
      <tstamp>634E51E9</tstamp>
    </comp>
    <comp ref="MX78">
      <value>1.5U</value>
      <footprint>MX_Solder_SawnsProjects:MXOnly-1.5U-NoLED</footprint>
      <libsource lib="random-keyboard-parts" part="MX-NoLED-MX_Alps_Hybrid" description=""/>
      <sheetpath names="/Matrix/" tstamps="/62F279CE/"/>
      <tstamp>63571375</tstamp>
    </comp>
    <comp ref="MX61">
      <value>1.5U</value>
      <footprint>MX_Solder_SawnsProjects:MXOnly-1.5U-NoLED</footprint>
      <libsource lib="random-keyboard-parts" part="MX-NoLED-MX_Alps_Hybrid" description=""/>
      <sheetpath names="/Matrix/" tstamps="/62F279CE/"/>
      <tstamp>63573E4E</tstamp>
    </comp>
    <comp ref="MX72">
      <value>1U</value>
      <footprint>MX_Solder_SawnsProjects:MXOnly-1U-NoLED</footprint>
      <libsource lib="random-keyboard-parts" part="MX-NoLED-MX_Alps_Hybrid" description=""/>
      <sheetpath names="/Matrix/" tstamps="/62F279CE/"/>
      <tstamp>630BF96C</tstamp>
    </comp>
    <comp ref="MX77">
      <value>1U</value>
      <footprint>MX_Solder_SawnsProjects:MXOnly-1U-NoLED</footprint>
      <libsource lib="random-keyboard-parts" part="MX-NoLED-MX_Alps_Hybrid" description=""/>
      <sheetpath names="/Matrix/" tstamps="/62F279CE/"/>
      <tstamp>63570272</tstamp>
    </comp>
    <comp ref="MX71">
      <value>1.25U</value>
      <footprint>MX_Solder_SawnsProjects:MXOnly-1.25U-NoLED</footprint>
      <libsource lib="random-keyboard-parts" part="MX-NoLED-MX_Alps_Hybrid" description=""/>
      <sheetpath names="/Matrix/" tstamps="/62F279CE/"/>
      <tstamp>634E58DA</tstamp>
    </comp>
    <comp ref="MX79">
      <value>7U</value>
      <footprint>MX_Solder_SawnsProjects:MXOnly-7U-ReversedStabilizers-NoLED</footprint>
      <libsource lib="random-keyboard-parts" part="MX-NoLED-MX_Alps_Hybrid" description=""/>
      <sheetpath names="/Matrix/" tstamps="/62F279CE/"/>
      <tstamp>63641220</tstamp>
    </comp>
    <comp ref="MX80">
      <value>1.5U</value>
      <footprint>MX_Solder_SawnsProjects:MXOnly-1.5U-NoLED</footprint>
      <libsource lib="random-keyboard-parts" part="MX-NoLED-MX_Alps_Hybrid" description=""/>
      <sheetpath names="/Matrix/" tstamps="/62F279CE/"/>
      <tstamp>63645D5C</tstamp>
    </comp>
    <comp ref="MX81">
      <value>1.5U</value>
      <footprint>MX_Solder_SawnsProjects:MXOnly-1.5U-NoLED</footprint>
      <libsource lib="random-keyboard-parts" part="MX-NoLED-MX_Alps_Hybrid" description=""/>
      <sheetpath names="/Matrix/" tstamps="/62F279CE/"/>
      <tstamp>636483C2</tstamp>
    </comp>
    <comp ref="MX82">
      <value>1U</value>
      <footprint>MX_Solder_SawnsProjects:MXOnly-1U-NoLED</footprint>
      <libsource lib="random-keyboard-parts" part="MX-NoLED-MX_Alps_Hybrid" description=""/>
      <sheetpath names="/Matrix/" tstamps="/62F279CE/"/>
      <tstamp>6364E29F</tstamp>
    </comp>
    <comp ref="MX83">
      <value>1U</value>
      <footprint>MX_Solder_SawnsProjects:MXOnly-1U-NoLED</footprint>
      <libsource lib="random-keyboard-parts" part="MX-NoLED-MX_Alps_Hybrid" description=""/>
      <sheetpath names="/Matrix/" tstamps="/62F279CE/"/>
      <tstamp>6375BC8A</tstamp>
    </comp>
    <comp ref="MX84">
      <value>ISO</value>
      <footprint>MX_Solder_SawnsProjects:MXOnly-ISO-ROTATED-ReversedStabilizers-NoLED</footprint>
      <libsource lib="random-keyboard-parts" part="MX-NoLED-MX_Alps_Hybrid" description=""/>
      <sheetpath names="/Matrix/" tstamps="/62F279CE/"/>
      <tstamp>6375A6F1</tstamp>
    </comp>
    <comp ref="D16">
      <value>1N4148W</value>
      <footprint>sanproject-keyboard-part:DIODE_1206_SawnsProjects</footprint>
      <datasheet>~</datasheet>
      <libsource lib="Device" part="D_Small" description="Diode, small symbol"/>
      <sheetpath names="/Matrix/" tstamps="/62F279CE/"/>
      <tstamp>63AB6C80</tstamp>
    </comp>
    <comp ref="MX86">
      <value>1.5U</value>
      <footprint>MX_Solder_SawnsProjects:MXOnly-1.5U-NoLED</footprint>
      <libsource lib="random-keyboard-parts" part="MX-NoLED-MX_Alps_Hybrid" description=""/>
      <sheetpath names="/Matrix/" tstamps="/62F279CE/"/>
      <tstamp>634438A3</tstamp>
    </comp>
    <comp ref="MX87">
      <value>1U</value>
      <footprint>MX_Solder_SawnsProjects:MXOnly-1U-NoLED</footprint>
      <libsource lib="random-keyboard-parts" part="MX-NoLED-MX_Alps_Hybrid" description=""/>
      <sheetpath names="/Matrix/" tstamps="/62F279CE/"/>
      <tstamp>6345B4A9</tstamp>
    </comp>
  </components>
  <libparts>
    <libpart lib="Connector" part="Conn_01x04_Female">
      <description>Generic connector, single row, 01x04, script generated (kicad-library-utils/schlib/autogen/connector/)</description>
      <docs>~</docs>
      <footprints>
        <fp>Connector*:*_1x??_*</fp>
      </footprints>
      <fields>
        <field name="Reference">J</field>
        <field name="Value">Conn_01x04_Female</field>
      </fields>
      <pins>
        <pin num="1" name="Pin_1" type="passive"/>
        <pin num="2" name="Pin_2" type="passive"/>
        <pin num="3" name="Pin_3" type="passive"/>
        <pin num="4" name="Pin_4" type="passive"/>
      </pins>
    </libpart>
    <libpart lib="Device" part="C_Small">
      <description>Unpolarized capacitor, small symbol</description>
      <docs>~</docs>
      <footprints>
        <fp>C_*</fp>
      </footprints>
      <fields>
        <field name="Reference">C</field>
        <field name="Value">C_Small</field>
      </fields>
      <pins>
        <pin num="1" name="~" type="passive"/>
        <pin num="2" name="~" type="passive"/>
      </pins>
    </libpart>
    <libpart lib="Device" part="D_Small">
      <description>Diode, small symbol</description>
      <docs>~</docs>
      <footprints>
        <fp>TO-???*</fp>
        <fp>*_Diode_*</fp>
        <fp>*SingleDiode*</fp>
        <fp>D_*</fp>
      </footprints>
      <fields>
        <field name="Reference">D</field>
        <field name="Value">D_Small</field>
      </fields>
      <pins>
        <pin num="1" name="K" type="passive"/>
        <pin num="2" name="A" type="passive"/>
      </pins>
    </libpart>
    <libpart lib="Device" part="R_Small">
      <description>Resistor, small symbol</description>
      <docs>~</docs>
      <footprints>
        <fp>R_*</fp>
      </footprints>
      <fields>
        <field name="Reference">R</field>
        <field name="Value">R_Small</field>
      </fields>
      <pins>
        <pin num="1" name="~" type="passive"/>
        <pin num="2" name="~" type="passive"/>
      </pins>
    </libpart>
    <libpart lib="Device" part="Resonator_Small">
      <description>Three pin ceramic resonator, small symbol</description>
      <docs>~</docs>
      <footprints>
        <fp>Filter*</fp>
        <fp>Resonator*</fp>
      </footprints>
      <fields>
        <field name="Reference">Y</field>
        <field name="Value">Resonator_Small</field>
      </fields>
      <pins>
        <pin num="1" name="1" type="passive"/>
        <pin num="2" name="2" type="passive"/>
        <pin num="3" name="3" type="passive"/>
      </pins>
    </libpart>
    <libpart lib="LED" part="WS2812B">
      <description>RGB LED with integrated controller</description>
      <docs>https://cdn-shop.adafruit.com/datasheets/WS2812B.pdf</docs>
      <footprints>
        <fp>LED*WS2812*PLCC*5.0x5.0mm*P3.2mm*</fp>
      </footprints>
      <fields>
        <field name="Reference">D</field>
        <field name="Value">WS2812B</field>
        <field name="Footprint">LED_SMD:LED_WS2812B_PLCC4_5.0x5.0mm_P3.2mm</field>
      </fields>
      <pins>
        <pin num="1" name="VDD" type="power_in"/>
        <pin num="2" name="DOUT" type="output"/>
        <pin num="3" name="VSS" type="power_in"/>
        <pin num="4" name="DIN" type="input"/>
      </pins>
    </libpart>
    <libpart lib="MCU_Microchip_ATmega" part="ATmega16U4-MU">
      <aliases>
        <alias>ATmega16U4RC-MU</alias>
        <alias>ATmega32U4-MU</alias>
        <alias>ATmega32U4RC-MU</alias>
      </aliases>
      <description>16MHz, 16kB Flash, 1.25kB SRAM, 512B EEPROM, USB 2.0, QFN-44</description>
      <docs>http://ww1.microchip.com/downloads/en/DeviceDoc/Atmel-7766-8-bit-AVR-ATmega16U4-32U4_Datasheet.pdf</docs>
      <footprints>
        <fp>QFN*1EP*7x7mm*P0.5mm*</fp>
      </footprints>
      <fields>
        <field name="Reference">U</field>
        <field name="Value">ATmega16U4-MU</field>
        <field name="Footprint">Package_DFN_QFN:QFN-44-1EP_7x7mm_P0.5mm_EP5.2x5.2mm</field>
      </fields>
      <pins>
        <pin num="1" name="PE6" type="BiDi"/>
        <pin num="2" name="UVCC" type="power_in"/>
        <pin num="3" name="D-" type="BiDi"/>
        <pin num="4" name="D+" type="BiDi"/>
        <pin num="5" name="UGND" type="passive"/>
        <pin num="6" name="UCAP" type="passive"/>
        <pin num="7" name="VBUS" type="input"/>
        <pin num="8" name="PB0" type="BiDi"/>
        <pin num="9" name="PB1" type="BiDi"/>
        <pin num="10" name="PB2" type="BiDi"/>
        <pin num="11" name="PB3" type="BiDi"/>
        <pin num="12" name="PB7" type="BiDi"/>
        <pin num="13" name="~RESET" type="input"/>
        <pin num="14" name="VCC" type="power_in"/>
        <pin num="15" name="GND" type="power_in"/>
        <pin num="16" name="XTAL2" type="output"/>
        <pin num="17" name="XTAL1" type="input"/>
        <pin num="18" name="PD0" type="BiDi"/>
        <pin num="19" name="PD1" type="BiDi"/>
        <pin num="20" name="PD2" type="BiDi"/>
        <pin num="21" name="PD3" type="BiDi"/>
        <pin num="22" name="PD5" type="BiDi"/>
        <pin num="23" name="GND" type="passive"/>
        <pin num="24" name="AVCC" type="power_in"/>
        <pin num="25" name="PD4" type="BiDi"/>
        <pin num="26" name="PD6" type="BiDi"/>
        <pin num="27" name="PD7" type="BiDi"/>
        <pin num="28" name="PB4" type="BiDi"/>
        <pin num="29" name="PB5" type="BiDi"/>
        <pin num="30" name="PB6" type="BiDi"/>
        <pin num="31" name="PC6" type="BiDi"/>
        <pin num="32" name="PC7" type="BiDi"/>
        <pin num="33" name="~HWB~/PE2" type="BiDi"/>
        <pin num="34" name="VCC" type="passive"/>
        <pin num="35" name="GND" type="passive"/>
        <pin num="36" name="PF7" type="BiDi"/>
        <pin num="37" name="PF6" type="BiDi"/>
        <pin num="38" name="PF5" type="BiDi"/>
        <pin num="39" name="PF4" type="BiDi"/>
        <pin num="40" name="PF1" type="BiDi"/>
        <pin num="41" name="PF0" type="BiDi"/>
        <pin num="42" name="AREF" type="passive"/>
        <pin num="43" name="GND" type="passive"/>
        <pin num="44" name="AVCC" type="passive"/>
        <pin num="45" name="GND" type="passive"/>
      </pins>
    </libpart>
    <libpart lib="Switch" part="SW_Push">
      <description>Push button switch, generic, two pins</description>
      <docs>~</docs>
      <fields>
        <field name="Reference">SW</field>
        <field name="Value">SW_Push</field>
      </fields>
      <pins>
        <pin num="1" name="1" type="passive"/>
        <pin num="2" name="2" type="passive"/>
      </pins>
    </libpart>
    <libpart lib="random-keyboard-parts" part="MX-NoLED-MX_Alps_Hybrid">
      <fields>
        <field name="Reference">MX</field>
        <field name="Value">MX-NoLED-MX_Alps_Hybrid</field>
      </fields>
      <pins>
        <pin num="1" name="COL" type="passive"/>
        <pin num="2" name="ROW" type="passive"/>
      </pins>
    </libpart>
  </libparts>
  <libraries>
    <library logical="Connector">
      <uri>C:\Program Files\KiCad\share\kicad\library/Connector.lib</uri>
    </library>
    <library logical="Device">
      <uri>C:\Program Files\KiCad\share\kicad\library/Device.lib</uri>
    </library>
    <library logical="LED">
      <uri>C:\Program Files\KiCad\share\kicad\library/LED.lib</uri>
    </library>
    <library logical="MCU_Microchip_ATmega">
      <uri>C:\Program Files\KiCad\share\kicad\library/MCU_Microchip_ATmega.lib</uri>
    </library>
    <library logical="Switch">
      <uri>C:\Program Files\KiCad\share\kicad\library/Switch.lib</uri>
    </library>
    <library logical="random-keyboard-parts">
      <uri>D:/PCB Design/KiCad/Lib/sanproject-keyboard-part.pretty/Schematic Library/random-keyboard-parts.lib</uri>
    </library>
  </libraries>
  <nets>
    <net code="1" name="GND">
      <node ref="C4" pin="1"/>
      <node ref="C2" pin="1"/>
      <node ref="R1" pin="1"/>
      <node ref="C5" pin="1"/>
      <node ref="C3" pin="1"/>
      <node ref="C1" pin="2"/>
      <node ref="RGB10" pin="3"/>
      <node ref="RGB11" pin="3"/>
      <node ref="RGB12" pin="3"/>
      <node ref="RGB3" pin="3"/>
      <node ref="RGB5" pin="3"/>
      <node ref="U1" pin="35"/>
      <node ref="U1" pin="43"/>
      <node ref="U1" pin="45"/>
      <node ref="U1" pin="5"/>
      <node ref="U1" pin="15"/>
      <node ref="U1" pin="23"/>
      <node ref="Y1" pin="2"/>
      <node ref="RGB8" pin="3"/>
      <node ref="RGB9" pin="3"/>
      <node ref="RGB18" pin="3"/>
      <node ref="RGB17" pin="3"/>
      <node ref="RGB15" pin="3"/>
      <node ref="RGB16" pin="3"/>
      <node ref="RGB14" pin="3"/>
      <node ref="RGB13" pin="3"/>
      <node ref="RGB7" pin="3"/>
      <node ref="J2" pin="4"/>
      <node ref="RGB6" pin="3"/>
      <node ref="RGB1" pin="3"/>
      <node ref="RGB2" pin="3"/>
      <node ref="SW1" pin="1"/>
      <node ref="J1" pin="4"/>
      <node ref="RGB4" pin="3"/>
    </net>
    <net code="2" name="+5V">
      <node ref="RGB11" pin="1"/>
      <node ref="U1" pin="24"/>
      <node ref="C2" pin="2"/>
      <node ref="RGB12" pin="1"/>
      <node ref="RGB13" pin="1"/>
      <node ref="J1" pin="1"/>
      <node ref="RGB10" pin="1"/>
      <node ref="C3" pin="2"/>
      <node ref="J2" pin="1"/>
      <node ref="C4" pin="2"/>
      <node ref="RGB17" pin="1"/>
      <node ref="RGB16" pin="1"/>
      <node ref="RGB15" pin="1"/>
      <node ref="RGB14" pin="1"/>
      <node ref="RGB2" pin="1"/>
      <node ref="C5" pin="2"/>
      <node ref="RGB1" pin="1"/>
      <node ref="RGB8" pin="1"/>
      <node ref="RGB5" pin="1"/>
      <node ref="U1" pin="7"/>
      <node ref="U1" pin="34"/>
      <node ref="RGB7" pin="1"/>
      <node ref="U1" pin="44"/>
      <node ref="RGB6" pin="1"/>
      <node ref="RGB9" pin="1"/>
      <node ref="RGB3" pin="1"/>
      <node ref="RGB4" pin="1"/>
      <node ref="R4" pin="1"/>
      <node ref="RGB18" pin="1"/>
      <node ref="U1" pin="2"/>
      <node ref="U1" pin="14"/>
    </net>
    <net code="3" name="Net-(R5-Pad1)">
      <node ref="U1" pin="8"/>
      <node ref="R5" pin="1"/>
    </net>
    <net code="4" name="RGB">
      <node ref="R5" pin="2"/>
      <node ref="RGB1" pin="4"/>
    </net>
    <net code="5" name="/M-">
      <node ref="U1" pin="3"/>
      <node ref="R3" pin="2"/>
    </net>
    <net code="6" name="D-">
      <node ref="R3" pin="1"/>
      <node ref="J2" pin="2"/>
      <node ref="J1" pin="2"/>
    </net>
    <net code="7" name="D+">
      <node ref="J1" pin="3"/>
      <node ref="R2" pin="2"/>
      <node ref="J2" pin="3"/>
    </net>
    <net code="8" name="/M+">
      <node ref="R2" pin="1"/>
      <node ref="U1" pin="4"/>
    </net>
    <net code="9" name="Net-(R4-Pad2)">
      <node ref="R4" pin="2"/>
      <node ref="U1" pin="13"/>
      <node ref="SW1" pin="2"/>
    </net>
    <net code="10" name="R1">
      <node ref="U1" pin="10"/>
      <node ref="D2" pin="1"/>
      <node ref="D10" pin="1"/>
      <node ref="D14" pin="1"/>
      <node ref="D6" pin="1"/>
      <node ref="D4" pin="1"/>
      <node ref="D12" pin="1"/>
      <node ref="D8" pin="1"/>
    </net>
    <net code="11" name="R2">
      <node ref="D17" pin="1"/>
      <node ref="D27" pin="1"/>
      <node ref="D29" pin="1"/>
      <node ref="U1" pin="12"/>
      <node ref="D25" pin="1"/>
      <node ref="D23" pin="1"/>
      <node ref="D21" pin="1"/>
      <node ref="D19" pin="1"/>
    </net>
    <net code="12" name="R5">
      <node ref="D36" pin="1"/>
      <node ref="D42" pin="1"/>
      <node ref="D44" pin="1"/>
      <node ref="U1" pin="18"/>
      <node ref="D38" pin="1"/>
      <node ref="D40" pin="1"/>
      <node ref="D15" pin="1"/>
      <node ref="D34" pin="1"/>
    </net>
    <net code="13" name="R4">
      <node ref="D35" pin="1"/>
      <node ref="D33" pin="1"/>
      <node ref="D43" pin="1"/>
      <node ref="U1" pin="19"/>
      <node ref="D41" pin="1"/>
      <node ref="D45" pin="1"/>
      <node ref="D37" pin="1"/>
      <node ref="D39" pin="1"/>
    </net>
    <net code="14" name="R7">
      <node ref="D54" pin="1"/>
      <node ref="D60" pin="1"/>
      <node ref="D52" pin="1"/>
      <node ref="D58" pin="1"/>
      <node ref="D63" pin="1"/>
      <node ref="D56" pin="1"/>
      <node ref="D50" pin="1"/>
      <node ref="U1" pin="36"/>
    </net>
    <net code="15" name="R6">
      <node ref="D51" pin="1"/>
      <node ref="D59" pin="1"/>
      <node ref="D53" pin="1"/>
      <node ref="D55" pin="1"/>
      <node ref="D49" pin="1"/>
      <node ref="D57" pin="1"/>
      <node ref="D62" pin="1"/>
      <node ref="U1" pin="37"/>
    </net>
    <net code="16" name="R9">
      <node ref="U1" pin="38"/>
      <node ref="D66" pin="1"/>
      <node ref="D72" pin="1"/>
      <node ref="D70" pin="1"/>
      <node ref="D16" pin="1"/>
    </net>
    <net code="17" name="R8">
      <node ref="D69" pin="1"/>
      <node ref="D68" pin="1"/>
      <node ref="D71" pin="1"/>
      <node ref="D65" pin="1"/>
      <node ref="U1" pin="39"/>
      <node ref="D67" pin="1"/>
    </net>
    <net code="18" name="R0">
      <node ref="D9" pin="1"/>
      <node ref="D5" pin="1"/>
      <node ref="U1" pin="9"/>
      <node ref="D1" pin="1"/>
      <node ref="D11" pin="1"/>
      <node ref="D7" pin="1"/>
      <node ref="D13" pin="1"/>
      <node ref="D3" pin="1"/>
    </net>
    <net code="19" name="Net-(U1-Pad1)">
      <node ref="U1" pin="1"/>
    </net>
    <net code="20" name="C0">
      <node ref="MX82" pin="1"/>
      <node ref="MX80" pin="1"/>
      <node ref="MX50" pin="1"/>
      <node ref="MX1" pin="1"/>
      <node ref="MX66" pin="1"/>
      <node ref="MX65" pin="2"/>
      <node ref="MX31" pin="1"/>
      <node ref="MX34" pin="1"/>
      <node ref="MX17" pin="1"/>
      <node ref="MX49" pin="1"/>
      <node ref="MX67" pin="1"/>
      <node ref="MX33" pin="1"/>
      <node ref="MX18" pin="1"/>
      <node ref="MX2" pin="1"/>
      <node ref="U1" pin="32"/>
    </net>
    <net code="21" name="C1">
      <node ref="MX19" pin="1"/>
      <node ref="MX51" pin="1"/>
      <node ref="MX52" pin="1"/>
      <node ref="MX68" pin="1"/>
      <node ref="MX35" pin="1"/>
      <node ref="MX36" pin="1"/>
      <node ref="MX4" pin="1"/>
      <node ref="MX81" pin="1"/>
      <node ref="U1" pin="31"/>
      <node ref="MX3" pin="1"/>
      <node ref="MX20" pin="1"/>
    </net>
    <net code="22" name="C2">
      <node ref="MX22" pin="1"/>
      <node ref="MX6" pin="1"/>
      <node ref="MX54" pin="1"/>
      <node ref="MX53" pin="1"/>
      <node ref="MX21" pin="1"/>
      <node ref="U1" pin="30"/>
      <node ref="MX5" pin="1"/>
      <node ref="MX38" pin="1"/>
      <node ref="MX37" pin="1"/>
    </net>
    <net code="23" name="C3">
      <node ref="U1" pin="29"/>
      <node ref="MX23" pin="1"/>
      <node ref="MX55" pin="1"/>
      <node ref="MX79" pin="1"/>
      <node ref="MX8" pin="1"/>
      <node ref="MX7" pin="1"/>
      <node ref="MX40" pin="1"/>
      <node ref="MX39" pin="1"/>
      <node ref="MX24" pin="1"/>
      <node ref="MX56" pin="1"/>
      <node ref="MX70" pin="1"/>
    </net>
    <net code="24" name="C4">
      <node ref="MX25" pin="1"/>
      <node ref="U1" pin="28"/>
      <node ref="MX41" pin="1"/>
      <node ref="MX58" pin="1"/>
      <node ref="MX57" pin="1"/>
      <node ref="MX9" pin="1"/>
      <node ref="MX42" pin="1"/>
      <node ref="MX10" pin="1"/>
      <node ref="MX64" pin="1"/>
      <node ref="MX26" pin="1"/>
      <node ref="MX16" pin="1"/>
      <node ref="MX86" pin="1"/>
    </net>
    <net code="25" name="C5">
      <node ref="MX44" pin="1"/>
      <node ref="MX43" pin="1"/>
      <node ref="U1" pin="27"/>
      <node ref="MX27" pin="1"/>
      <node ref="MX28" pin="1"/>
      <node ref="MX11" pin="1"/>
      <node ref="MX12" pin="1"/>
      <node ref="MX87" pin="2"/>
      <node ref="MX47" pin="2"/>
      <node ref="MX59" pin="1"/>
      <node ref="MX60" pin="1"/>
      <node ref="MX32" pin="1"/>
      <node ref="MX48" pin="1"/>
      <node ref="MX61" pin="2"/>
      <node ref="MX69" pin="2"/>
    </net>
    <net code="26" name="C6">
      <node ref="MX45" pin="1"/>
      <node ref="MX15" pin="1"/>
      <node ref="MX14" pin="1"/>
      <node ref="MX13" pin="1"/>
      <node ref="MX63" pin="1"/>
      <node ref="MX73" pin="1"/>
      <node ref="MX62" pin="1"/>
      <node ref="MX74" pin="1"/>
      <node ref="MX75" pin="2"/>
      <node ref="U1" pin="26"/>
      <node ref="MX77" pin="2"/>
      <node ref="MX72" pin="1"/>
      <node ref="MX46" pin="1"/>
      <node ref="MX83" pin="1"/>
      <node ref="MX84" pin="2"/>
      <node ref="MX30" pin="1"/>
      <node ref="MX29" pin="1"/>
      <node ref="MX71" pin="2"/>
      <node ref="MX78" pin="1"/>
      <node ref="MX76" pin="2"/>
    </net>
    <net code="27" name="Net-(C1-Pad1)">
      <node ref="U1" pin="6"/>
      <node ref="C1" pin="1"/>
    </net>
    <net code="28" name="Net-(U1-Pad40)">
      <node ref="U1" pin="40"/>
    </net>
    <net code="29" name="Net-(U1-Pad41)">
      <node ref="U1" pin="41"/>
    </net>
    <net code="30" name="Net-(U1-Pad42)">
      <node ref="U1" pin="42"/>
    </net>
    <net code="31" name="Net-(U1-Pad22)">
      <node ref="U1" pin="22"/>
    </net>
    <net code="32" name="R3">
      <node ref="D18" pin="1"/>
      <node ref="D26" pin="1"/>
      <node ref="D30" pin="1"/>
      <node ref="D28" pin="1"/>
      <node ref="D22" pin="1"/>
      <node ref="U1" pin="11"/>
      <node ref="D24" pin="1"/>
      <node ref="D20" pin="1"/>
    </net>
    <net code="33" name="Net-(U1-Pad20)">
      <node ref="U1" pin="20"/>
    </net>
    <net code="34" name="Net-(U1-Pad21)">
      <node ref="U1" pin="21"/>
    </net>
    <net code="35" name="Net-(U1-Pad25)">
      <node ref="U1" pin="25"/>
    </net>
    <net code="36" name="Net-(R1-Pad2)">
      <node ref="R1" pin="2"/>
      <node ref="U1" pin="33"/>
    </net>
    <net code="37" name="Net-(U1-Pad17)">
      <node ref="Y1" pin="1"/>
      <node ref="U1" pin="17"/>
    </net>
    <net code="38" name="Net-(U1-Pad16)">
      <node ref="U1" pin="16"/>
      <node ref="Y1" pin="3"/>
    </net>
    <net code="39" name="Net-(RGB10-Pad2)">
      <node ref="RGB10" pin="2"/>
    </net>
    <net code="40" name="Net-(RGB10-Pad4)">
      <node ref="RGB11" pin="2"/>
      <node ref="RGB10" pin="4"/>
    </net>
    <net code="41" name="Net-(RGB11-Pad4)">
      <node ref="RGB11" pin="4"/>
      <node ref="RGB12" pin="2"/>
    </net>
    <net code="42" name="Net-(RGB12-Pad4)">
      <node ref="RGB13" pin="2"/>
      <node ref="RGB12" pin="4"/>
    </net>
    <net code="43" name="Net-(RGB16-Pad4)">
      <node ref="RGB17" pin="2"/>
      <node ref="RGB16" pin="4"/>
    </net>
    <net code="44" name="Net-(RGB17-Pad4)">
      <node ref="RGB17" pin="4"/>
      <node ref="RGB18" pin="2"/>
    </net>
    <net code="45" name="Net-(RGB14-Pad4)">
      <node ref="RGB15" pin="2"/>
      <node ref="RGB14" pin="4"/>
    </net>
    <net code="46" name="Net-(RGB15-Pad4)">
      <node ref="RGB16" pin="2"/>
      <node ref="RGB15" pin="4"/>
    </net>
    <net code="47" name="Net-(RGB13-Pad4)">
      <node ref="RGB13" pin="4"/>
      <node ref="RGB14" pin="2"/>
    </net>
    <net code="48" name="Net-(RGB7-Pad2)">
      <node ref="RGB7" pin="2"/>
      <node ref="RGB8" pin="4"/>
    </net>
    <net code="49" name="Net-(RGB8-Pad2)">
      <node ref="RGB9" pin="4"/>
      <node ref="RGB8" pin="2"/>
    </net>
    <net code="50" name="Net-(D62-Pad2)">
      <node ref="D62" pin="2"/>
      <node ref="MX62" pin="2"/>
      <node ref="MX76" pin="1"/>
      <node ref="MX75" pin="1"/>
    </net>
    <net code="51" name="Net-(D60-Pad2)">
      <node ref="MX60" pin="2"/>
      <node ref="MX47" pin="1"/>
      <node ref="D60" pin="2"/>
    </net>
    <net code="52" name="Net-(D70-Pad2)">
      <node ref="MX48" pin="2"/>
      <node ref="D70" pin="2"/>
    </net>
    <net code="53" name="Net-(D68-Pad2)">
      <node ref="MX32" pin="2"/>
      <node ref="D68" pin="2"/>
      <node ref="MX69" pin="1"/>
      <node ref="MX87" pin="1"/>
      <node ref="MX61" pin="1"/>
    </net>
    <net code="54" name="Net-(RGB18-Pad4)">
      <node ref="RGB18" pin="4"/>
      <node ref="RGB9" pin="2"/>
    </net>
    <net code="55" name="Net-(D36-Pad2)">
      <node ref="MX36" pin="2"/>
      <node ref="D36" pin="2"/>
    </net>
    <net code="56" name="Net-(D34-Pad2)">
      <node ref="MX34" pin="2"/>
      <node ref="D34" pin="2"/>
    </net>
    <net code="57" name="Net-(D38-Pad2)">
      <node ref="D38" pin="2"/>
      <node ref="MX38" pin="2"/>
    </net>
    <net code="58" name="Net-(D40-Pad2)">
      <node ref="MX40" pin="2"/>
      <node ref="D40" pin="2"/>
    </net>
    <net code="59" name="Net-(D42-Pad2)">
      <node ref="MX42" pin="2"/>
      <node ref="D42" pin="2"/>
    </net>
    <net code="60" name="Net-(D66-Pad2)">
      <node ref="MX67" pin="2"/>
      <node ref="D66" pin="2"/>
      <node ref="MX82" pin="2"/>
    </net>
    <net code="61" name="Net-(D16-Pad2)">
      <node ref="MX86" pin="2"/>
      <node ref="MX64" pin="2"/>
      <node ref="MX16" pin="2"/>
      <node ref="D16" pin="2"/>
    </net>
    <net code="62" name="Net-(D63-Pad2)">
      <node ref="D63" pin="2"/>
      <node ref="MX63" pin="2"/>
    </net>
    <net code="63" name="Net-(D72-Pad2)">
      <node ref="MX73" pin="2"/>
      <node ref="D72" pin="2"/>
      <node ref="MX74" pin="2"/>
      <node ref="MX78" pin="2"/>
    </net>
    <net code="64" name="Net-(D15-Pad2)">
      <node ref="MX15" pin="2"/>
      <node ref="D15" pin="2"/>
    </net>
    <net code="65" name="Net-(D44-Pad2)">
      <node ref="MX44" pin="2"/>
      <node ref="D44" pin="2"/>
    </net>
    <net code="66" name="Net-(D50-Pad2)">
      <node ref="MX50" pin="2"/>
      <node ref="D50" pin="2"/>
    </net>
    <net code="67" name="Net-(D52-Pad2)">
      <node ref="D52" pin="2"/>
      <node ref="MX52" pin="2"/>
    </net>
    <net code="68" name="Net-(D54-Pad2)">
      <node ref="MX54" pin="2"/>
      <node ref="D54" pin="2"/>
    </net>
    <net code="69" name="Net-(D56-Pad2)">
      <node ref="MX56" pin="2"/>
      <node ref="D56" pin="2"/>
    </net>
    <net code="70" name="Net-(D58-Pad2)">
      <node ref="D58" pin="2"/>
      <node ref="MX58" pin="2"/>
    </net>
    <net code="71" name="Net-(D71-Pad2)">
      <node ref="MX72" pin="2"/>
      <node ref="MX77" pin="1"/>
      <node ref="MX71" pin="1"/>
      <node ref="D71" pin="2"/>
    </net>
    <net code="72" name="Net-(D33-Pad2)">
      <node ref="MX33" pin="2"/>
      <node ref="D33" pin="2"/>
      <node ref="MX65" pin="1"/>
    </net>
    <net code="73" name="Net-(D35-Pad2)">
      <node ref="MX35" pin="2"/>
      <node ref="D35" pin="2"/>
    </net>
    <net code="74" name="Net-(D25-Pad2)">
      <node ref="D25" pin="2"/>
      <node ref="MX25" pin="2"/>
    </net>
    <net code="75" name="Net-(D26-Pad2)">
      <node ref="D26" pin="2"/>
      <node ref="MX26" pin="2"/>
    </net>
    <net code="76" name="Net-(D27-Pad2)">
      <node ref="D27" pin="2"/>
      <node ref="MX27" pin="2"/>
    </net>
    <net code="77" name="Net-(D28-Pad2)">
      <node ref="D28" pin="2"/>
      <node ref="MX28" pin="2"/>
    </net>
    <net code="78" name="Net-(D29-Pad2)">
      <node ref="MX29" pin="2"/>
      <node ref="D29" pin="2"/>
    </net>
    <net code="79" name="Net-(D30-Pad2)">
      <node ref="MX30" pin="2"/>
      <node ref="MX83" pin="2"/>
      <node ref="D30" pin="2"/>
    </net>
    <net code="80" name="Net-(D41-Pad2)">
      <node ref="MX41" pin="2"/>
      <node ref="D41" pin="2"/>
    </net>
    <net code="81" name="Net-(D43-Pad2)">
      <node ref="D43" pin="2"/>
      <node ref="MX43" pin="2"/>
    </net>
    <net code="82" name="Net-(D45-Pad2)">
      <node ref="MX45" pin="2"/>
      <node ref="D45" pin="2"/>
      <node ref="MX84" pin="1"/>
    </net>
    <net code="83" name="Net-(D37-Pad2)">
      <node ref="D37" pin="2"/>
      <node ref="MX37" pin="2"/>
    </net>
    <net code="84" name="Net-(D39-Pad2)">
      <node ref="D39" pin="2"/>
      <node ref="MX39" pin="2"/>
    </net>
    <net code="85" name="Net-(D7-Pad2)">
      <node ref="D7" pin="2"/>
      <node ref="MX7" pin="2"/>
    </net>
    <net code="86" name="Net-(D8-Pad2)">
      <node ref="MX8" pin="2"/>
      <node ref="D8" pin="2"/>
    </net>
    <net code="87" name="Net-(D9-Pad2)">
      <node ref="D9" pin="2"/>
      <node ref="MX9" pin="2"/>
    </net>
    <net code="88" name="Net-(D10-Pad2)">
      <node ref="D10" pin="2"/>
      <node ref="MX10" pin="2"/>
    </net>
    <net code="89" name="Net-(D11-Pad2)">
      <node ref="MX11" pin="2"/>
      <node ref="D11" pin="2"/>
    </net>
    <net code="90" name="Net-(D12-Pad2)">
      <node ref="MX12" pin="2"/>
      <node ref="D12" pin="2"/>
    </net>
    <net code="91" name="Net-(D1-Pad2)">
      <node ref="MX1" pin="2"/>
      <node ref="D1" pin="2"/>
    </net>
    <net code="92" name="Net-(D3-Pad2)">
      <node ref="MX3" pin="2"/>
      <node ref="D3" pin="2"/>
    </net>
    <net code="93" name="Net-(D4-Pad2)">
      <node ref="D4" pin="2"/>
      <node ref="MX4" pin="2"/>
    </net>
    <net code="94" name="Net-(D5-Pad2)">
      <node ref="MX5" pin="2"/>
      <node ref="D5" pin="2"/>
    </net>
    <net code="95" name="Net-(D6-Pad2)">
      <node ref="D6" pin="2"/>
      <node ref="MX6" pin="2"/>
    </net>
    <net code="96" name="Net-(D20-Pad2)">
      <node ref="D20" pin="2"/>
      <node ref="MX20" pin="2"/>
    </net>
    <net code="97" name="Net-(D19-Pad2)">
      <node ref="MX19" pin="2"/>
      <node ref="D19" pin="2"/>
    </net>
    <net code="98" name="Net-(D21-Pad2)">
      <node ref="MX21" pin="2"/>
      <node ref="D21" pin="2"/>
    </net>
    <net code="99" name="Net-(D22-Pad2)">
      <node ref="MX22" pin="2"/>
      <node ref="D22" pin="2"/>
    </net>
    <net code="100" name="Net-(D23-Pad2)">
      <node ref="D23" pin="2"/>
      <node ref="MX23" pin="2"/>
    </net>
    <net code="101" name="Net-(D24-Pad2)">
      <node ref="D24" pin="2"/>
      <node ref="MX24" pin="2"/>
    </net>
    <net code="102" name="Net-(D13-Pad2)">
      <node ref="D13" pin="2"/>
      <node ref="MX13" pin="2"/>
    </net>
    <net code="103" name="Net-(D14-Pad2)">
      <node ref="MX46" pin="2"/>
      <node ref="MX14" pin="2"/>
      <node ref="D14" pin="2"/>
    </net>
    <net code="104" name="Net-(D17-Pad2)">
      <node ref="MX17" pin="2"/>
      <node ref="D17" pin="2"/>
    </net>
    <net code="105" name="Net-(D18-Pad2)">
      <node ref="D18" pin="2"/>
      <node ref="MX18" pin="2"/>
    </net>
    <net code="106" name="Net-(D65-Pad2)">
      <node ref="MX80" pin="2"/>
      <node ref="D65" pin="2"/>
      <node ref="MX66" pin="2"/>
    </net>
    <net code="107" name="Net-(D49-Pad2)">
      <node ref="D49" pin="2"/>
      <node ref="MX31" pin="2"/>
      <node ref="MX49" pin="2"/>
    </net>
    <net code="108" name="Net-(D67-Pad2)">
      <node ref="MX68" pin="2"/>
      <node ref="D67" pin="2"/>
      <node ref="MX81" pin="2"/>
    </net>
    <net code="109" name="Net-(D69-Pad2)">
      <node ref="MX70" pin="2"/>
      <node ref="MX79" pin="2"/>
      <node ref="D69" pin="2"/>
    </net>
    <net code="110" name="Net-(RGB2-Pad2)">
      <node ref="RGB3" pin="4"/>
      <node ref="RGB2" pin="2"/>
    </net>
    <net code="111" name="Net-(RGB4-Pad2)">
      <node ref="RGB5" pin="4"/>
      <node ref="RGB4" pin="2"/>
    </net>
    <net code="112" name="Net-(RGB3-Pad2)">
      <node ref="RGB4" pin="4"/>
      <node ref="RGB3" pin="2"/>
    </net>
    <net code="113" name="Net-(RGB6-Pad2)">
      <node ref="RGB6" pin="2"/>
      <node ref="RGB7" pin="4"/>
    </net>
    <net code="114" name="Net-(RGB5-Pad2)">
      <node ref="RGB5" pin="2"/>
      <node ref="RGB6" pin="4"/>
    </net>
    <net code="115" name="Net-(D2-Pad2)">
      <node ref="D2" pin="2"/>
      <node ref="MX2" pin="2"/>
    </net>
    <net code="116" name="Net-(RGB1-Pad2)">
      <node ref="RGB1" pin="2"/>
      <node ref="RGB2" pin="4"/>
    </net>
    <net code="117" name="Net-(D51-Pad2)">
      <node ref="D51" pin="2"/>
      <node ref="MX51" pin="2"/>
    </net>
    <net code="118" name="Net-(D53-Pad2)">
      <node ref="MX53" pin="2"/>
      <node ref="D53" pin="2"/>
    </net>
    <net code="119" name="Net-(D55-Pad2)">
      <node ref="MX55" pin="2"/>
      <node ref="D55" pin="2"/>
    </net>
    <net code="120" name="Net-(D57-Pad2)">
      <node ref="MX57" pin="2"/>
      <node ref="D57" pin="2"/>
    </net>
    <net code="121" name="Net-(D59-Pad2)">
      <node ref="MX59" pin="2"/>
      <node ref="D59" pin="2"/>
    </net>
  </nets>
</export>
